[
	{
		"function": "minecraft:set_name",
		"entity": "this",
		"name": {
			"translate": "ssbrc.tooltips.ability.passives",
			"color": "blue",
			"bold": true,
			"italic": false
		}
	},
	{
		"function": "minecraft:reference",
		"name": "ssbrc:fighters/init/tooltip/separator"
	},
	{
		"function": "minecraft:set_lore",
		"entity": "this",
		"lore": [
			{
				"translate": "ssbrc.tooltips.no_abilities",
				"color": "gray",
				"bold": false,
				"italic": false
			},
			{
				"translate": "ssbrc.tooltips.no_passives",
				"color": "gray",
				"bold": false,
				"italic": false
			}
		],
		"replace": false,
		"conditions": [
			{
				"condition": "minecraft:inverted",
				"term": {
					"condition": "minecraft:reference",
					"name": "ssbrc:fighters/armor/tooltips/passive_abilities"
				}
			}
		]
	},
	{
		"function": "minecraft:set_lore",
		"entity": "this",
		"lore": [
			{
				"translate": "ssbrc.tooltips.super_mario_bros.stomp",
				"color": "yellow",
				"bold": false,
				"italic": false,
				"underlined": true
			},
			{
				"translate": "ssbrc.tooltips.super_mario_bros.stomp.description.1",
				"color": "gray",
				"bold": false,
				"italic": false
			}
		],
		"replace": false,
		"conditions": [
			{
				"condition": "minecraft:entity_properties",
				"entity": "this",
				"predicate": {
					"nbt": "{Tags:[\"mario\"]}"
				}
			}
		]
	},
	{
		"function": "minecraft:set_lore",
		"entity": "this",
		"lore": [
			{
				"translate": "ssbrc.tooltips.super_mario_bros.stomp",
				"color": "yellow",
				"bold": false,
				"italic": false,
				"underlined": true
			},
			{
				"translate": "ssbrc.tooltips.super_mario_bros.stomp.description.1",
				"color": "gray",
				"bold": false,
				"italic": false
			}
		],
		"replace": false,
		"conditions": [
			{
				"condition": "minecraft:entity_properties",
				"entity": "this",
				"predicate": {
					"nbt": "{Tags:[\"luigi\"]}"
				}
			}
		]
	},
	{
		"function": "minecraft:set_lore",
		"entity": "this",
		"lore": [
			{
				"translate": "ssbrc.tooltips.bowser.rage",
				"color": "yellow",
				"bold": false,
				"italic": false,
				"underlined": true
			},
			{
				"translate": "ssbrc.tooltips.bowser.rage.description.1",
				"color": "gray",
				"bold": false,
				"italic": false
			},
			{
				"text": "+ ",
				"color": "green",
				"bold": true,
				"italic": false,
				"extra": [
					{
						"translate": "ssbrc.tooltips.bowser.rage.description.2",
						"color": "gray",
						"bold": false,
						"italic": false
					}
				]
			},
			{
				"text": "+ ",
				"color": "green",
				"bold": true,
				"italic": false,
				"extra": [
					{
						"translate": "ssbrc.tooltips.bowser.rage.description.3",
						"color": "gray",
						"bold": false,
						"italic": false
					}
				]
			},
			{
				"text": "- ",
				"color": "red",
				"bold": true,
				"italic": false,
				"extra": [
					{
						"translate": "ssbrc.tooltips.bowser.rage.description.4",
						"color": "gray",
						"bold": false,
						"italic": false
					}
				]
			}
		],
		"replace": false,
		"conditions": [
			{
				"condition": "minecraft:entity_properties",
				"entity": "this",
				"predicate": {
					"nbt": "{Tags:[\"bowser\"]}"
				}
			}
		]
	},
	{
		"function": "minecraft:set_lore",
		"entity": "this",
		"lore": [
			{
				"translate": "ssbrc.tooltips.ganondorf.summon_stalfos",
				"color": "yellow",
				"bold": false,
				"italic": false,
				"underlined": true
			},
			{
				"translate": "ssbrc.tooltips.ganondorf.summon_stalfos.description.1",
				"color": "gray",
				"bold": false,
				"italic": false
			}
		],
		"replace": false,
		"conditions": [
			{
				"condition": "minecraft:entity_properties",
				"entity": "this",
				"predicate": {
					"nbt": "{Tags:[\"ganondorf\"]}"
				}
			}
		]
	},
	{
		"function": "minecraft:set_lore",
		"entity": "this",
		"lore": [
			{
				"translate": "ssbrc.tooltips.dark_samus.phazon_spikes",
				"color": "yellow",
				"bold": false,
				"italic": false,
				"underlined": true
			},
			{
				"translate": "ssbrc.tooltips.dark_samus.phazon_spikes.description.1",
				"color": "gray",
				"bold": false,
				"italic": false
			}
		],
		"replace": false,
		"conditions": [
			{
				"condition": "minecraft:entity_properties",
				"entity": "this",
				"predicate": {
					"nbt": "{Tags:[\"dark_samus\"]}"
				}
			}
		]
	},
	{
		"function": "minecraft:set_lore",
		"entity": "this",
		"lore": [
			{
				"translate": "ssbrc.tooltips.byleth.blue_lions.swiftness",
				"color": "yellow",
				"bold": false,
				"italic": false,
				"underlined": true
			},
			{
				"translate": "ssbrc.tooltips.byleth.blue_lions.swiftness.description.1",
				"color": "gray",
				"bold": false,
				"italic": false
			}
		],
		"replace": false,
		"conditions": [
			{
				"condition": "minecraft:entity_properties",
				"entity": "this",
				"predicate": {
					"nbt": "{Tags:[\"byleth\",\"blue_lions\"]}"
				}
			}
		]
	},
	{
		"function": "minecraft:set_lore",
		"entity": "this",
		"lore": [
			{
				"translate": "ssbrc.tooltips.byleth.golden_deer.resistance",
				"color": "yellow",
				"bold": false,
				"italic": false,
				"underlined": true
			},
			{
				"translate": "ssbrc.tooltips.byleth.golden_deer.resistance.description.1",
				"color": "gray",
				"bold": false,
				"italic": false
			}
		],
		"replace": false,
		"conditions": [
			{
				"condition": "minecraft:entity_properties",
				"entity": "this",
				"predicate": {
					"nbt": "{Tags:[\"byleth\",\"golden_deer\"]}"
				}
			}
		]
	},
	{
		"function": "minecraft:set_lore",
		"entity": "this",
		"lore": [
			{
				"translate": "ssbrc.tooltips.byleth.black_eagles.heavy_armor",
				"color": "yellow",
				"bold": false,
				"italic": false,
				"underlined": true
			},
			{
				"translate": "ssbrc.tooltips.byleth.black_eagles.heavy_armor.description.1",
				"color": "gray",
				"bold": false,
				"italic": false
			}
		],
		"replace": false,
		"conditions": [
			{
				"condition": "minecraft:entity_properties",
				"entity": "this",
				"predicate": {
					"nbt": "{Tags:[\"byleth\",\"black_eagles\"]}"
				}
			}
		]
	},
	{
		"function": "minecraft:set_lore",
		"entity": "this",
		"lore": [
			{
				"translate": "ssbrc.tooltips.pit.wings",
				"color": "yellow",
				"bold": false,
				"italic": false,
				"underlined": true
			},
			{
				"translate": "ssbrc.tooltips.pit.wings.description.1",
				"color": "gray",
				"bold": false,
				"italic": false
			},
			{
				"translate": "ssbrc.tooltips.pit.wings.description.2",
				"color": "gray",
				"bold": false,
				"italic": false
			}
		],
		"replace": false,
		"conditions": [
			{
				"condition": "minecraft:entity_properties",
				"entity": "this",
				"predicate": {
					"nbt": "{Tags:[\"pit\"]}"
				}
			}
		]
	},
	{
		"function": "minecraft:set_lore",
		"entity": "this",
		"lore": [
			{
				"translate": "ssbrc.tooltips.snake.stealth",
				"color": "yellow",
				"bold": false,
				"italic": false,
				"underlined": true
			},
			{
				"translate": "ssbrc.tooltips.snake.stealth.description.1",
				"color": "gray",
				"bold": false,
				"italic": false
			},
			{
				"translate": "ssbrc.tooltips.snake.stealth.description.2",
				"color": "gray",
				"bold": false,
				"italic": false
			}
		],
		"replace": false,
		"conditions": [
			{
				"condition": "minecraft:entity_properties",
				"entity": "this",
				"predicate": {
					"nbt": "{Tags:[\"snake\"]}"
				}
			}
		]
	},
	{
		"function": "minecraft:set_lore",
		"entity": "this",
		"lore": [
			{
				"translate": "ssbrc.tooltips.sonic_the_hedgehog.acceleration",
				"color": "yellow",
				"bold": false,
				"italic": false,
				"underlined": true
			},
			{
				"translate": "ssbrc.tooltips.sonic_the_hedgehog.acceleration.description.1",
				"color": "gray",
				"bold": false,
				"italic": false
			}
		],
		"replace": false,
		"conditions": [
			{
				"condition": "minecraft:entity_properties",
				"entity": "this",
				"predicate": {
					"nbt": "{Tags:[\"sonic\"]}"
				}
			}
		]
	},
	{
		"function": "minecraft:set_lore",
		"entity": "this",
		"lore": [
			{
				"translate": "ssbrc.tooltips.sonic_the_hedgehog.acceleration",
				"color": "yellow",
				"bold": false,
				"italic": false,
				"underlined": true
			},
			{
				"translate": "ssbrc.tooltips.sonic_the_hedgehog.acceleration.description.1",
				"color": "gray",
				"bold": false,
				"italic": false
			}
		],
		"replace": false,
		"conditions": [
			{
				"condition": "minecraft:entity_properties",
				"entity": "this",
				"predicate": {
					"nbt": "{Tags:[\"shadow\"]}"
				}
			}
		]
	},
	{
		"function": "minecraft:set_lore",
		"entity": "this",
		"lore": [
			{
				"translate": "ssbrc.tooltips.joker.final_guard",
				"color": "yellow",
				"bold": false,
				"italic": false,
				"underlined": true
			},
			{
				"translate": "ssbrc.tooltips.joker.final_guard.description.1",
				"color": "gray",
				"bold": false,
				"italic": false
			}
		],
		"replace": false,
		"conditions": [
			{
				"condition": "minecraft:entity_properties",
				"entity": "this",
				"predicate": {
					"nbt": "{Tags:[\"joker\"]}"
				}
			}
		]
	},
	{
		"function": "minecraft:set_lore",
		"entity": "this",
		"lore": [
			{
				"translate": "ssbrc.tooltips.altered_beast.mark_of_the_beast",
				"color": "yellow",
				"bold": false,
				"italic": false,
				"underlined": true
			},
			{
				"translate": "ssbrc.tooltips.altered_beast.mark_of_the_beast.description.1",
				"color": "gray",
				"bold": false,
				"italic": false
			}
		],
		"replace": false,
		"conditions": [
			{
				"condition": "minecraft:entity_properties",
				"entity": "this",
				"predicate": {
					"nbt": "{Tags:[\"altered_beast\"]}"
				}
			},
			{
				"condition": "minecraft:inverted",
				"term": {
					"condition": "minecraft:reference",
					"name": "ssbrc:fighters/altered_beast/is_beast"
				}
			}
		]
	}
]
