[
	{
		"function": "minecraft:set_name",
		"entity": "this",
		"name": {
			"translate": "ssbrc.tooltips.ability.utilities",
			"color": "green",
			"bold": true,
			"italic": false
		}
	},
	{
		"function": "minecraft:reference",
		"name": "ssbrc:fighters/init/tooltip/separator"
	},
	{
		"function": "minecraft:set_lore",
		"entity": "this",
		"lore": [
			{
				"translate": "ssbrc.tooltips.no_abilities",
				"color": "gray",
				"bold": false,
				"italic": false
			},
			{
				"translate": "ssbrc.tooltips.no_utilities",
				"color": "gray",
				"bold": false,
				"italic": false
			}
		],
		"replace": false,
		"conditions": [
			{
				"condition": "minecraft:inverted",
				"term": {
					"condition": "minecraft:reference",
					"name": "ssbrc:fighters/armor/tooltips/utility_abilities"
				}
			}
		]
	},
	{
		"function": "minecraft:set_lore",
		"entity": "this",
		"lore": [
			{
				"translate": "ssbrc.tooltips.super_mario_bros.super_jump",
				"color": "yellow",
				"bold": false,
				"italic": false,
				"underlined": true
			},
			{
				"translate": "ssbrc.tooltips.holdKey",
				"color": "gray",
				"bold": false,
				"italic": false,
				"extra": [
					{
						"keybind": "key.sneak",
						"color": "gray",
						"bold": false,
						"italic": false
					},
					{
						"translate": "ssbrc.tooltips.super_mario_bros.super_jump.description.1",
						"color": "gray",
						"bold": false,
						"italic": false
					}
				]
			},
			{
				"translate": "ssbrc.tooltips.super_mario_bros.super_jump.description.2",
				"color": "gray",
				"bold": false,
				"italic": false
			},
			{
				"translate": "ssbrc.tooltips.mario.super_jump.description.1",
				"color": "gray",
				"bold": false,
				"italic": false
			}
		],
		"replace": false,
		"conditions": [
			{
				"condition": "minecraft:entity_properties",
				"entity": "this",
				"predicate": {
					"nbt": "{Tags:[\"mario\"]}"
				}
			}
		]
	},
	{
		"function": "minecraft:set_lore",
		"entity": "this",
		"lore": [
			{
				"translate": "ssbrc.tooltips.super_mario_bros.super_jump",
				"color": "yellow",
				"bold": false,
				"italic": false,
				"underlined": true
			},
			{
				"translate": "ssbrc.tooltips.holdKey",
				"color": "gray",
				"bold": false,
				"italic": false,
				"extra": [
					{
						"keybind": "key.sneak",
						"color": "gray",
						"bold": false,
						"italic": false
					},
					{
						"translate": "ssbrc.tooltips.super_mario_bros.super_jump.description.1",
						"color": "gray",
						"bold": false,
						"italic": false
					}
				]
			},
			{
				"translate": "ssbrc.tooltips.super_mario_bros.super_jump.description.2",
				"color": "gray",
				"bold": false,
				"italic": false
			},
			{
				"translate": "ssbrc.tooltips.luigi.super_jump.description.1",
				"color": "gray",
				"bold": false,
				"italic": false
			}
		],
		"replace": false,
		"conditions": [
			{
				"condition": "minecraft:entity_properties",
				"entity": "this",
				"predicate": {
					"nbt": "{Tags:[\"luigi\"]}"
				}
			}
		]
	},
	{
		"function": "minecraft:set_lore",
		"entity": "this",
		"lore": [
			{
				"translate": "ssbrc.tooltips.bowser.fire_breath",
				"color": "yellow",
				"bold": false,
				"italic": false,
				"underlined": true
			},
			{
				"translate": "ssbrc.tooltips.holdKey",
				"color": "gray",
				"bold": false,
				"italic": false,
				"extra": [
					{
						"keybind": "key.sneak",
						"color": "gray",
						"bold": false,
						"italic": false
					},
					{
						"translate": "ssbrc.tooltips.bowser.fire_breath.description.1",
						"color": "gray",
						"bold": false,
						"italic": false
					}
				]
			},
			{
				"translate": "ssbrc.tooltips.bowser.fire_breath.description.2",
				"color": "gray",
				"bold": false,
				"italic": false
			},
			{
				"translate": "ssbrc.tooltips.effects.burning",
				"color": "gray",
				"bold": false,
				"italic": false
			}
		],
		"replace": false,
		"conditions": [
			{
				"condition": "minecraft:entity_properties",
				"entity": "this",
				"predicate": {
					"nbt": "{Tags:[\"bowser\"]}"
				}
			}
		]
	},
	{
		"function": "minecraft:set_lore",
		"entity": "this",
		"lore": [
			{
				"translate": "ssbrc.tooltips.donkey_kong.hand_slap",
				"color": "yellow",
				"bold": false,
				"italic": false,
				"underlined": true
			},
			{
				"text": "- [",
				"color": "gray",
				"bold": false,
				"italic": false,
				"extra": [
					{
						"keybind": "key.sneak",
						"color": "gray",
						"bold": false,
						"italic": false
					},
					{
						"translate": "ssbrc.tooltips.donkey_kong.hand_slap.description.1",
						"color": "gray",
						"bold": false,
						"italic": false
					}
				]
			},
			{
				"translate": "ssbrc.tooltips.donkey_kong.hand_slap.description.2",
				"color": "gray",
				"bold": false,
				"italic": false
			}
		],
		"replace": false,
		"conditions": [
			{
				"condition": "minecraft:entity_properties",
				"entity": "this",
				"predicate": {
					"nbt": "{Tags:[\"donkey_kong\"]}"
				}
			}
		]
	},
	{
		"function": "minecraft:set_lore",
		"entity": "this",
		"lore": [
			{
				"translate": "ssbrc.tooltips.kirby.puff_up",
				"color": "yellow",
				"bold": false,
				"italic": false,
				"underlined": true
			},
			{
				"text": "- [",
				"color": "gray",
				"bold": false,
				"italic": false,
				"extra": [
					{
						"keybind": "key.sneak",
						"color": "gray",
						"bold": false,
						"italic": false
					},
					{
						"translate": "ssbrc.tooltips.kirby.puff_up.description.1",
						"color": "gray",
						"bold": false,
						"italic": false
					}
				]
			},
			{
				"translate": "ssbrc.tooltips.kirby.puff_up.description.2",
				"color": "gray",
				"bold": false,
				"italic": false
			},
			{
				"translate": "ssbrc.tooltips.kirby.puff_up.description.3",
				"color": "gray",
				"bold": false,
				"italic": false
			}
		],
		"replace": false,
		"conditions": [
			{
				"condition": "minecraft:entity_properties",
				"entity": "this",
				"predicate": {
					"nbt": "{Tags:[\"kirby\"]}"
				}
			}
		]
	},
	{
		"function": "minecraft:set_lore",
		"entity": "this",
		"lore": [
			{
				"translate": "ssbrc.tooltips.fox.fire_fox",
				"color": "yellow",
				"bold": false,
				"italic": false,
				"underlined": true
			},
			{
				"translate": "ssbrc.tooltips.holdKey",
				"color": "gray",
				"bold": false,
				"italic": false,
				"extra": [
					{
						"keybind": "key.sneak",
						"color": "gray",
						"bold": false,
						"italic": false
					},
					{
						"translate": "ssbrc.tooltips.fox.fire_fox.description.1",
						"color": "gray",
						"bold": false,
						"italic": false
					}
				]
			},
			{
				"translate": "ssbrc.tooltips.effects.burning",
				"color": "gray",
				"bold": false,
				"italic": false
			}
		],
		"replace": false,
		"conditions": [
			{
				"condition": "minecraft:entity_properties",
				"entity": "this",
				"predicate": {
					"nbt": "{Tags:[\"fox\"]}"
				}
			}
		]
	},
	{
		"function": "minecraft:set_lore",
		"entity": "this",
		"lore": [
			{
				"translate": "ssbrc.tooltips.jigglypuff.hot_air",
				"color": "yellow",
				"bold": false,
				"italic": false,
				"underlined": true
			},
			{
				"text": "- [",
				"color": "gray",
				"bold": false,
				"italic": false,
				"extra": [
					{
						"keybind": "key.sneak",
						"color": "gray",
						"bold": false,
						"italic": false
					},
					{
						"translate": "ssbrc.tooltips.jigglypuff.hot_air.description.1",
						"color": "gray",
						"bold": false,
						"italic": false
					}
				]
			}
		],
		"replace": false,
		"conditions": [
			{
				"condition": "minecraft:entity_properties",
				"entity": "this",
				"predicate": {
					"nbt": "{Tags:[\"jigglypuff\"]}"
				}
			}
		]
	},
	{
		"function": "minecraft:set_lore",
		"entity": "this",
		"lore": [
			{
				"translate": "ssbrc.tooltips.greninja.shadow_sneak",
				"color": "yellow",
				"bold": false,
				"italic": false,
				"underlined": true
			},
			{
				"translate": "ssbrc.tooltips.holdKey",
				"color": "gray",
				"bold": false,
				"italic": false,
				"extra": [
					{
						"keybind": "key.sneak",
						"color": "gray",
						"bold": false,
						"italic": false
					},
					{
						"translate": "ssbrc.tooltips.greninja.shadow_sneak.description.1",
						"color": "gray",
						"bold": false,
						"italic": false
					}
				]
			},
			{
				"translate": "ssbrc.tooltips.greninja.shadow_sneak.description.2",
				"color": "gray",
				"bold": false,
				"italic": false
			},
			{
				"translate": "ssbrc.tooltips.greninja.shadow_sneak.description.3",
				"color": "gray",
				"bold": false,
				"italic": false
			}
		],
		"replace": false,
		"conditions": [
			{
				"condition": "minecraft:entity_properties",
				"entity": "this",
				"predicate": {
					"nbt": "{Tags:[\"greninja\"]}"
				}
			}
		]
	},
	{
		"function": "minecraft:set_lore",
		"entity": "this",
		"lore": [
			{
				"translate": "ssbrc.tooltips.giegue.4th_dimensional_slip",
				"color": "yellow",
				"bold": false,
				"italic": false,
				"underlined": true
			},
			{
				"text": "- [",
				"color": "gray",
				"bold": false,
				"italic": false,
				"extra": [
					{
						"keybind": "key.sneak",
						"color": "gray",
						"bold": false,
						"italic": false
					},
					{
						"translate": "ssbrc.tooltips.giegue.4th_dimensional_slip.description.1",
						"color": "gray",
						"bold": false,
						"italic": false
					}
				]
			},
			{
				"translate": "ssbrc.tooltips.giegue.4th_dimensional_slip.description.2",
				"color": "gray",
				"bold": false,
				"italic": false
			}
		],
		"replace": false,
		"conditions": [
			{
				"condition": "minecraft:entity_properties",
				"entity": "this",
				"predicate": {
					"nbt": "{Tags:[\"giegue\"]}"
				}
			}
		]
	},
	{
		"function": "minecraft:set_lore",
		"entity": "this",
		"lore": [
			{
				"translate": "ssbrc.tooltips.pit.guardian_orbitars",
				"color": "yellow",
				"bold": false,
				"italic": false,
				"underlined": true
			},
			{
				"translate": "ssbrc.tooltips.holdKey",
				"color": "gray",
				"bold": false,
				"italic": false,
				"extra": [
					{
						"keybind": "key.sneak",
						"color": "gray",
						"bold": false,
						"italic": false
					},
					{
						"translate": "ssbrc.tooltips.pit.guardian_orbitars.description.1",
						"color": "gray",
						"bold": false,
						"italic": false
					}
				]
			},
			{
				"translate": "ssbrc.tooltips.pit.guardian_orbitars.description.2",
				"color": "gray",
				"bold": false,
				"italic": false
			},
			{
				"translate": "ssbrc.tooltips.pit.guardian_orbitars.description.3",
				"color": "gray",
				"bold": false,
				"italic": false
			}
		],
		"replace": false,
		"conditions": [
			{
				"condition": "minecraft:entity_properties",
				"entity": "this",
				"predicate": {
					"nbt": "{Tags:[\"pit\"]}"
				}
			}
		]
	},
	{
		"function": "minecraft:set_lore",
		"entity": "this",
		"lore": [
			{
				"translate": "ssbrc.tooltips.rob.robo_burner",
				"color": "yellow",
				"bold": false,
				"italic": false,
				"underlined": true
			},
			{
				"translate": "ssbrc.tooltips.holdKey",
				"color": "gray",
				"bold": false,
				"italic": false,
				"extra": [
					{
						"keybind": "key.sneak",
						"color": "gray",
						"bold": false,
						"italic": false
					},
					{
						"translate": "ssbrc.tooltips.rob.robo_burner.description.1",
						"color": "gray",
						"bold": false,
						"italic": false
					}
				]
			},
			{
				"translate": "ssbrc.tooltips.rob.robo_burner.description.2",
				"color": "gray",
				"bold": false,
				"italic": false
			}
		],
		"replace": false,
		"conditions": [
			{
				"condition": "minecraft:entity_properties",
				"entity": "this",
				"predicate": {
					"nbt": "{Tags:[\"rob\"]}"
				}
			}
		]
	},
	{
		"function": "minecraft:set_lore",
		"entity": "this",
		"lore": [
			{
				"translate": "ssbrc.tooltips.ryu.tatsumaki_senpukyaku",
				"color": "yellow",
				"bold": false,
				"italic": false,
				"underlined": true
			},
			{
				"translate": "ssbrc.tooltips.holdKey",
				"color": "gray",
				"bold": false,
				"italic": false,
				"extra": [
					{
						"keybind": "key.sneak",
						"color": "gray",
						"bold": false,
						"italic": false
					},
					{
						"translate": "ssbrc.tooltips.ryu.tatsumaki_senpukyaku.description.1",
						"color": "gray",
						"bold": false,
						"italic": false
					}
				]
			},
			{
				"translate": "ssbrc.tooltips.ryu.tatsumaki_senpukyaku.description.2",
				"color": "gray",
				"bold": false,
				"italic": false
			}
		],
		"replace": false,
		"conditions": [
			{
				"condition": "minecraft:entity_properties",
				"entity": "this",
				"predicate": {
					"nbt": "{Tags:[\"ryu\"]}"
				}
			}
		]
	},
	{
		"function": "minecraft:set_lore",
		"entity": "this",
		"lore": [
			{
				"translate": "ssbrc.tooltips.ryu.ashura_senku",
				"color": "yellow",
				"bold": false,
				"italic": false,
				"underlined": true
			},
			{
				"translate": "ssbrc.tooltips.holdKey",
				"color": "gray",
				"bold": false,
				"italic": false,
				"extra": [
					{
						"keybind": "key.sneak",
						"color": "gray",
						"bold": false,
						"italic": false
					},
					{
						"translate": "ssbrc.tooltips.ryu.ashura_senku.description.1",
						"color": "gray",
						"bold": false,
						"italic": false
					}
				]
			}
		],
		"replace": false,
		"conditions": [
			{
				"condition": "minecraft:entity_properties",
				"entity": "this",
				"predicate": {
					"nbt": "{Tags:[\"ryu\",\"satsui_no_hado_rage\"]}"
				}
			}
		]
	},
	{
		"function": "minecraft:set_lore",
		"entity": "this",
		"lore": [
			{
				"translate": "ssbrc.tooltips.alucard.mist",
				"color": "yellow",
				"bold": false,
				"italic": false,
				"underlined": true
			},
			{
				"text": "- [",
				"color": "gray",
				"bold": false,
				"italic": false,
				"extra": [
					{
						"keybind": "key.sneak",
						"color": "gray",
						"bold": false,
						"italic": false
					},
					{
						"translate": "ssbrc.tooltips.alucard.mist.description.1",
						"color": "gray",
						"bold": false,
						"italic": false
					}
				]
			},
			{
				"translate": "ssbrc.tooltips.alucard.mist.description.2",
				"color": "gray",
				"bold": false,
				"italic": false
			},
			{
				"translate": "ssbrc.tooltips.alucard.mist.description.3",
				"color": "gray",
				"bold": false,
				"italic": false
			}
		],
		"replace": false,
		"conditions": [
			{
				"condition": "minecraft:entity_properties",
				"entity": "this",
				"predicate": {
					"nbt": "{Tags:[\"alucard\"]}"
				}
			}
		]
	},
	{
		"function": "minecraft:set_lore",
		"entity": "this",
		"lore": [
			{
				"translate": "ssbrc.tooltips.joker.rebels_guard",
				"color": "yellow",
				"bold": false,
				"italic": false,
				"underlined": true
			},
			{
				"translate": "ssbrc.tooltips.holdKey",
				"color": "gray",
				"bold": false,
				"italic": false,
				"extra": [
					{
						"keybind": "key.sneak",
						"color": "gray",
						"bold": false,
						"italic": false
					},
					{
						"translate": "ssbrc.tooltips.joker.rebels_guard.description.1",
						"color": "gray",
						"bold": false,
						"italic": false
					}
				]
			},
			{
				"translate": "ssbrc.tooltips.joker.rebels_guard.description.2",
				"color": "gray",
				"bold": false,
				"italic": false
			},
			{
				"translate": "ssbrc.tooltips.joker.rebels_guard.description.3",
				"color": "gray",
				"bold": false,
				"italic": false
			}
		],
		"replace": false,
		"conditions": [
			{
				"condition": "minecraft:entity_properties",
				"entity": "this",
				"predicate": {
					"nbt": "{Tags:[\"joker\"]}"
				}
			}
		]
	},
	{
		"function": "minecraft:set_lore",
		"entity": "this",
		"lore": [
			{
				"translate": "ssbrc.tooltips.altered_beast.waredragon.wings",
				"color": "yellow",
				"bold": false,
				"italic": false,
				"underlined": true
			},
			{
				"translate": "ssbrc.tooltips.holdKey",
				"color": "gray",
				"bold": false,
				"italic": false,
				"extra": [
					{
						"keybind": "key.sneak",
						"color": "gray",
						"bold": false,
						"italic": false
					},
					{
						"translate": "ssbrc.tooltips.altered_beast.waredragon.wings.description.1",
						"color": "gray",
						"bold": false,
						"italic": false
					}
				]
			}
		],
		"replace": false,
		"conditions": [
			{
				"condition": "minecraft:entity_properties",
				"entity": "this",
				"predicate": {
					"nbt": "{Tags:[\"altered_beast\",\"waredragon\"]}"
				}
			}
		]
	}
]
