[
	{
		"function": "minecraft:reference",
		"name": "ssbrc:fighters/link/master_sword/default/default",
		"conditions": [
			{
				"condition": "minecraft:entity_scores",
				"entity": "this",
				"scores": {
					"health": {
						"max": 39
					}
				}
			}
		]
	},
	{
		"function": "minecraft:reference",
		"name": "ssbrc:fighters/link/master_sword/default/awakened",
		"conditions": [
			{
				"condition": "minecraft:entity_scores",
				"entity": "this",
				"scores": {
					"health": {
						"min": 40
					}
				}
			}
		]
	}
]
