[
	{
		"function": "minecraft:reference",
		"name": "ssbrc:fighters/init/tooltip/ability/utility"
	},
	{
		"function": "minecraft:reference",
		"name": "ssbrc:fighters/init/unbreakable/instant"
	},
	{
		"function": "minecraft:set_lore",
		"entity": "this",
		"lore": [
			{
				"text": "- [",
				"color": "gray",
				"bold": false,
				"italic": false,
				"extra": [
					{
						"keybind": "key.use",
						"color": "gray",
						"bold": false,
						"italic": false
					},
					{
						"translate": "ssbrc.fighters.joker.persona.equip",
						"color": "gray",
						"bold": false,
						"italic": false
					}
				]
			}
		],
		"replace": false
	},
	{
		"function": "minecraft:reference",
		"name": "ssbrc:ui/separator"
	},
	{
		"function": "minecraft:reference",
		"name": "ssbrc:fighters/joker/persona_ability"
	},
	{
		"function": "minecraft:set_nbt",
		"tag": "{CustomModelData:602}",
		"conditions": [
			{
				"condition": "minecraft:inverted",
				"term": {
					"condition": "minecraft:entity_properties",
					"entity": "this",
					"predicate": {
						"nbt": "{Tags:[\"gold\"]}"
					}
				}
			}
		]
	},
	{
		"function": "minecraft:set_nbt",
		"tag": "{CustomModelData:608}",
		"conditions": [
			{
				"condition": "minecraft:entity_properties",
				"entity": "this",
				"predicate": {
					"nbt": "{Tags:[\"gold\"]}"
				}
			}
		]
	},
	{
		"function": "minecraft:set_nbt",
		"tag": "{mask:1}"
	}
]
