[
	{
		"function": "minecraft:set_name",
		"entity": "this",
		"name": {
			"translate": "ssbrc.tooltips.joker.rebelsKnife",
			"color": "gray",
			"bold": true,
			"italic": false
		},
		"conditions": [
			{
				"condition": "minecraft:entity_scores",
				"entity": "this",
				"scores": {
					"duration.1": 1
				}
			}
		]
	},
	{
		"function": "minecraft:set_nbt",
		"tag": "{freeze_boost:0,fire_boost:0}",
		"conditions": [
			{
				"condition": "minecraft:entity_scores",
				"entity": "this",
				"scores": {
					"duration.1": 1
				}
			}
		]
	},
	{
		"function": "minecraft:set_name",
		"entity": "this",
		"name": {
			"translate": "ssbrc.tooltips.joker.rebelsKnife",
			"color": "gray",
			"bold": true,
			"italic": false,
			"extra": [
				{
					"translate": "ssbrc.tooltips.joker.rebelsKnife.freeze_boost",
					"color": "aqua",
					"bold": true,
					"italic": false
				}
			]
		},
		"conditions": [
			{
				"condition": "minecraft:entity_properties",
				"entity": "this",
				"predicate": {
					"nbt": "{Tags:[\"jack_frost\"]}"
				}
			},
			{
				"condition": "minecraft:entity_scores",
				"entity": "this",
				"scores": {
					"duration.1": {
						"min": 2
					}
				}
			}
		]
	},
	{
		"function": "minecraft:set_nbt",
		"tag": "{freeze_boost:1,fire_boost:0}",
		"conditions": [
			{
				"condition": "minecraft:entity_properties",
				"entity": "this",
				"predicate": {
					"nbt": "{Tags:[\"jack_frost\"]}"
				}
			},
			{
				"condition": "minecraft:entity_scores",
				"entity": "this",
				"scores": {
					"duration.1": {
						"min": 2
					}
				}
			}
		]
	},
	{
		"function": "minecraft:set_name",
		"entity": "this",
		"name": {
			"translate": "ssbrc.tooltips.joker.rebelsKnife",
			"color": "gray",
			"bold": true,
			"italic": false,
			"extra": [
				{
					"translate": "ssbrc.tooltips.joker.rebelsKnife.fire_boost",
					"color": "red",
					"bold": true,
					"italic": false
				}
			]
		},
		"conditions": [
			{
				"condition": "minecraft:entity_properties",
				"entity": "this",
				"predicate": {
					"nbt": "{Tags:[\"jack_o_lantern\"]}"
				}
			},
			{
				"condition": "minecraft:entity_scores",
				"entity": "this",
				"scores": {
					"duration.1": {
						"min": 2
					}
				}
			}
		]
	},
	{
		"function": "minecraft:set_nbt",
		"tag": "{freeze_boost:0,fire_boost:1}",
		"conditions": [
			{
				"condition": "minecraft:entity_properties",
				"entity": "this",
				"predicate": {
					"nbt": "{Tags:[\"jack_o_lantern\"]}"
				}
			},
			{
				"condition": "minecraft:entity_scores",
				"entity": "this",
				"scores": {
					"duration.1": {
						"min": 2
					}
				}
			}
		]
	}
]
