{
	"parent": "ssbrc:utility/root",
	"criteria": {
		"requirement": {
			"trigger": "minecraft:entity_hurt_player",
			"conditions": {
				"player": [
					{
						"condition": "minecraft:value_check",
						"value": {
							"type": "minecraft:score",
							"target": {
								"type": "minecraft:fixed",
								"name": "gameStage"
							},
							"score": "temp"
						},
						"range": 4
					}
				],
				"damage": {
					"type": {
						"direct_entity": {
							"equipment": {
								"mainhand": {
									"nbt": "{flame_slash:1}"
								}
							}
						}
					}
				}
			}
		}
	},
	"rewards": {
		"function": "ssbrc:logic/fighters/effects/wither"
	}
}
