{
	"parent": "ssbrc:utility/root",
	"criteria": {
		"requirement": {
			"trigger": "minecraft:entity_hurt_player",
			"conditions": {
				"player": [
					{
						"condition": "minecraft:value_check",
						"value": {
							"type": "minecraft:score",
							"target": {
								"type": "minecraft:fixed",
								"name": "gameStage"
							},
							"score": "temp"
						},
						"range": 4
					},
					{
						"condition": "minecraft:random_chance",
						"chance": 0.1
					}
				],
				"damage": {
					"source_entity": {
						"equipment": {
							"mainhand": {
								"nbt": "{rebel_knife:1,freeze_boost:1}"
							}
						}
					}
				}
			}
		}
	},
	"rewards": {
		"function": "ssbrc:fighters/joker/logic/abilities/freeze_boost"
	}
}
