[
	{
		"function": "minecraft:set_enchantments",
		"enchantments": {
			"minecraft:swift_sneak": 4
		},
		"add": false,
		"conditions": [
			{
				"condition": "minecraft:entity_scores",
				"entity": "this",
				"scores": {
					"snake.capacity": {
						"max": 2
					}
				}
			}
		]
	},
	{
		"function": "minecraft:set_enchantments",
		"enchantments": {
			"minecraft:swift_sneak": 3
		},
		"add": false,
		"conditions": [
			{
				"condition": "minecraft:entity_scores",
				"entity": "this",
				"scores": {
					"snake.capacity": {
						"min": 3,
						"max": 4
					}
				}
			}
		]
	},
	{
		"function": "minecraft:set_enchantments",
		"enchantments": {
			"minecraft:swift_sneak": 2
		},
		"add": false,
		"conditions": [
			{
				"condition": "minecraft:entity_scores",
				"entity": "this",
				"scores": {
					"snake.capacity": {
						"min": 5,
						"max": 6
					}
				}
			}
		]
	},
	{
		"function": "minecraft:set_enchantments",
		"enchantments": {
			"minecraft:swift_sneak": 1
		},
		"add": false,
		"conditions": [
			{
				"condition": "minecraft:entity_scores",
				"entity": "this",
				"scores": {
					"snake.capacity": {
						"min": 7,
						"max": 8
					}
				}
			}
		]
	}
]
