[
	{
		"function": "minecraft:set_name",
		"entity": "this",
		"name": {
			"translate": "ssbrc.fighters.joker.persona.high_pixie",
			"color": "yellow",
			"bold": true,
			"italic": false
		}
	},
	{
		"function": "minecraft:set_lore",
		"entity": "this",
		"lore": [
			{
				"translate": "ssbrc.tooltips.joker.amrita_shower",
				"color": "gray",
				"bold": false,
				"italic": false
			}
		],
		"replace": false
	},
	{
		"function": "minecraft:reference",
		"name": "ssbrc:fighters/joker/persona_ability/amrita_shower"
	},
	{
		"function": "minecraft:set_nbt",
		"tag": "{high_pixie:1}"
	}
]
