[
	{
		"function": "minecraft:set_name",
		"entity": "this",
		"name": {
			"translate": "ssbrc.tooltips.dark_samus.phazon_beam",
			"color": "gold",
			"bold": true,
			"italic": false
		}
	},
	{
		"function": "minecraft:set_nbt",
		"tag": "{charge:0,CustomModelData:267}",
		"conditions": [
			{
				"condition": "minecraft:inverted",
				"term": {
					"condition": "minecraft:entity_scores",
					"entity": "this",
					"scores": {
						"charge.output": {
							"min": 10
						}
					}
				}
			}
		]
	},
	{
		"function": "minecraft:set_nbt",
		"tag": "{charge:1,CustomModelData:268}",
		"conditions": [
			{
				"condition": "minecraft:entity_scores",
				"entity": "this",
				"scores": {
					"charge.output": 10
				}
			}
		]
	},
	{
		"function": "minecraft:set_nbt",
		"tag": "{charge:2,CustomModelData:269}",
		"conditions": [
			{
				"condition": "minecraft:entity_scores",
				"entity": "this",
				"scores": {
					"charge.output": 20
				}
			}
		]
	},
	{
		"function": "minecraft:set_nbt",
		"tag": "{charge:3,CustomModelData:270}",
		"conditions": [
			{
				"condition": "minecraft:entity_scores",
				"entity": "this",
				"scores": {
					"charge.output": 40
				}
			}
		]
	}
]
