{
	"parent": "ssbrc:utility/root",
	"criteria": {
		"requirement": {
			"trigger": "minecraft:player_hurt_entity",
			"conditions": {
				"damage": {
					"source_entity": {
						"equipment": {
							"mainhand": {
								"nbt": "{frying_pan:1}"
							}
						}
					},
					"blocked": false,
					"type": {
						"is_explosion": false,
						"is_fire": false,
						"is_magic": false,
						"is_projectile": false,
						"is_lightning": false,
						"bypasses_armor": false,
						"bypasses_invulnerability": false,
						"bypasses_magic": false
					}
				}
			}
		}
	},
	"rewards": {
		"function": "ssbrc:fighters/peach/logic/hit_opponent/frying_pan"
	}
}
