{
	"criteria": {
		"requirement": {
			"trigger": "minecraft:using_item",
			"conditions": {
				"player": [
					{
						"condition": "minecraft:value_check",
						"value": {
							"type": "minecraft:score",
							"target": {
								"type": "minecraft:fixed",
								"name": "gameStage"
							},
							"score": "temp"
						},
						"range": 4
					},
					{
						"condition": "minecraft:entity_scores",
						"entity": "this",
						"scores": {
							"mana": {
								"min": {
									"type": "minecraft:score",
									"target": {
										"type": "minecraft:fixed",
										"name": "shovel_knight.war_horn.cost"
									},
									"score": "vars"
								}
							}
						}
					},
					{
						"condition": "minecraft:entity_scores",
						"entity": "this",
						"scores": {
							"cooldown.2": {
								"max": 0
							}
						}
					}
				],
				"item": {
					"items": [
						"minecraft:goat_horn"
					],
					"nbt": "{war_horn:1}"
				}
			}
		}
	},
	"rewards": {
		"function": "ssbrc:fighters/shovel_knight/logic/abilities/war_horn/activate"
	}
}
