[
	{
		"function": "minecraft:set_name",
		"entity": "this",
		"name": {
			"translate": "ssbrc.tooltips.hero.erdwins_shield",
			"color": "yellow",
			"bold": true,
			"italic": false
		}
	},
	{
		"function": "minecraft:set_banner_pattern",
		"patterns": [
			{
				"pattern": "minecraft:base",
				"color": "white"
			},
			{
				"pattern": "minecraft:flower",
				"color": "yellow"
			},
			{
				"pattern": "minecraft:skull",
				"color": "yellow"
			},
			{
				"pattern": "minecraft:circle",
				"color": "gray"
			},
			{
				"pattern": "minecraft:border",
				"color": "yellow"
			}
		],
		"append": false
	}
]
