[
	{
		"function": "minecraft:set_name",
		"entity": "this",
		"name": {
			"translate": "ssbrc.tooltips.hero.power_shield",
			"color": "yellow",
			"bold": true,
			"italic": false
		}
	},
	{
		"function": "minecraft:set_banner_pattern",
		"patterns": [
			{
				"pattern": "minecraft:base",
				"color": "gray"
			},
			{
				"pattern": "minecraft:stripe_right",
				"color": "orange"
			},
			{
				"pattern": "minecraft:stripe_left",
				"color": "orange"
			},
			{
				"pattern": "minecraft:stripe_top",
				"color": "orange"
			},
			{
				"pattern": "minecraft:stripe_bottom",
				"color": "orange"
			},
			{
				"pattern": "minecraft:border",
				"color": "yellow"
			},
			{
				"pattern": "minecraft:globe",
				"color": "gray"
			},
			{
				"pattern": "minecraft:circle",
				"color": "light_blue"
			}
		],
		"append": false
	}
]
