[
	{
		"function": "minecraft:reference",
		"name": "ssbrc:fighters/init/tooltip/ability/ranged"
	},
	{
		"function": "minecraft:set_lore",
		"entity": "this",
		"lore": [
			{
				"text": "- [",
				"color": "gray",
				"bold": false,
				"italic": false,
				"extra": [
					{
						"keybind": "key.use",
						"color": "gray",
						"bold": false,
						"italic": false
					},
					{
						"translate": "ssbrc.tooltips.dark_samus.phazon_beam.description.1",
						"color": "gray",
						"bold": false,
						"italic": false
					}
				]
			},
			{
				"text": "- [",
				"color": "gray",
				"bold": false,
				"italic": false,
				"extra": [
					{
						"keybind": "key.sneak",
						"color": "gray",
						"bold": false,
						"italic": false
					},
					{
						"translate": "] + [",
						"color": "gray",
						"bold": false,
						"italic": false
					},
					{
						"keybind": "key.use",
						"color": "gray",
						"bold": false,
						"italic": false
					},
					{
						"translate": "ssbrc.tooltips.dark_samus.phazon_beam.description.2",
						"color": "gray",
						"bold": false,
						"italic": false
					}
				]
			},
			{
				"translate": "ssbrc.tooltips.effects.poison",
				"color": "gray",
				"bold": false,
				"italic": false
			}
		],
		"replace": false
	},
	{
		"function": "minecraft:reference",
		"name": "ssbrc:fighters/dark_samus/phazon_beam/default",
		"conditions": [
			{
				"condition": "minecraft:inverted",
				"term": {
					"condition": "minecraft:entity_properties",
					"entity": "this",
					"predicate": {
						"nbt": "{Tags:[\"gold\"]}"
					}
				}
			}
		]
	},
	{
		"function": "minecraft:reference",
		"name": "ssbrc:fighters/dark_samus/phazon_beam/gold",
		"conditions": [
			{
				"condition": "minecraft:entity_properties",
				"entity": "this",
				"predicate": {
					"nbt": "{Tags:[\"gold\"]}"
				}
			}
		]
	},
	{
		"function": "minecraft:set_nbt",
		"tag": "{phazon_beam:1}"
	}
]
