[
	{
		"function": "minecraft:set_nbt",
		"tag": "{Trim:{pattern:\"ssbrc:fighters/bowser/default\",material:\"minecraft:quartz\"}}",
		"conditions": [
			{
				"condition": "minecraft:entity_properties",
				"entity": "this",
				"predicate": {
					"nbt": "{Tags:[\"bowser\",\"default\"]}"
				}
			}
		]
	},
	{
		"function": "minecraft:set_nbt",
		"tag": "{Trim:{pattern:\"ssbrc:fighters/bowser/gold\",material:\"minecraft:quartz\"}}",
		"conditions": [
			{
				"condition": "minecraft:entity_properties",
				"entity": "this",
				"predicate": {
					"nbt": "{Tags:[\"bowser\",\"gold\"]}"
				}
			}
		]
	},
	{
		"function": "minecraft:set_nbt",
		"tag": "{Trim:{pattern:\"ssbrc:fighters/bowser/bowsette\",material:\"minecraft:quartz\"}}",
		"conditions": [
			{
				"condition": "minecraft:entity_properties",
				"entity": "this",
				"predicate": {
					"nbt": "{Tags:[\"bowser\",\"bowsette\"]}"
				}
			}
		]
	},
	{
		"function": "minecraft:set_nbt",
		"tag": "{Trim:{pattern:\"ssbrc:fighters/byleth/default/female\",material:\"minecraft:quartz\"}}",
		"conditions": [
			{
				"condition": "minecraft:entity_properties",
				"entity": "this",
				"predicate": {
					"nbt": "{Tags:[\"byleth\",\"default\",\"female\"]}"
				}
			}
		]
	},
	{
		"function": "minecraft:set_nbt",
		"tag": "{Trim:{pattern:\"ssbrc:fighters/byleth/default/male\",material:\"minecraft:quartz\"}}",
		"conditions": [
			{
				"condition": "minecraft:entity_properties",
				"entity": "this",
				"predicate": {
					"nbt": "{Tags:[\"byleth\",\"default\",\"male\"]}"
				}
			}
		]
	},
	{
		"function": "minecraft:set_nbt",
		"tag": "{Trim:{pattern:\"ssbrc:fighters/byleth/gold/female\",material:\"minecraft:quartz\"}}",
		"conditions": [
			{
				"condition": "minecraft:entity_properties",
				"entity": "this",
				"predicate": {
					"nbt": "{Tags:[\"byleth\",\"gold\",\"female\"]}"
				}
			}
		]
	},
	{
		"function": "minecraft:set_nbt",
		"tag": "{Trim:{pattern:\"ssbrc:fighters/byleth/gold/male\",material:\"minecraft:quartz\"}}",
		"conditions": [
			{
				"condition": "minecraft:entity_properties",
				"entity": "this",
				"predicate": {
					"nbt": "{Tags:[\"byleth\",\"gold\",\"male\"]}"
				}
			}
		]
	},
	{
		"function": "minecraft:set_nbt",
		"tag": "{Trim:{pattern:\"ssbrc:fighters/byleth/awakened/female\",material:\"minecraft:quartz\"}}",
		"conditions": [
			{
				"condition": "minecraft:entity_properties",
				"entity": "this",
				"predicate": {
					"nbt": "{Tags:[\"byleth\",\"awakened\",\"female\"]}"
				}
			}
		]
	},
	{
		"function": "minecraft:set_nbt",
		"tag": "{Trim:{pattern:\"ssbrc:fighters/byleth/awakened/male\",material:\"minecraft:quartz\"}}",
		"conditions": [
			{
				"condition": "minecraft:entity_properties",
				"entity": "this",
				"predicate": {
					"nbt": "{Tags:[\"byleth\",\"awakened\",\"male\"]}"
				}
			}
		]
	},
	{
		"function": "minecraft:set_nbt",
		"tag": "{Trim:{pattern:\"ssbrc:fighters/captain_falcon/default\",material:\"minecraft:quartz\"}}",
		"conditions": [
			{
				"condition": "minecraft:entity_properties",
				"entity": "this",
				"predicate": {
					"nbt": "{Tags:[\"captain_falcon\",\"default\"]}"
				}
			}
		]
	},
	{
		"function": "minecraft:set_nbt",
		"tag": "{Trim:{pattern:\"ssbrc:fighters/captain_falcon/gold\",material:\"minecraft:quartz\"}}",
		"conditions": [
			{
				"condition": "minecraft:entity_properties",
				"entity": "this",
				"predicate": {
					"nbt": "{Tags:[\"captain_falcon\",\"gold\"]}"
				}
			}
		]
	},
	{
		"function": "minecraft:set_nbt",
		"tag": "{Trim:{pattern:\"ssbrc:fighters/captain_falcon/blood_falcon\",material:\"minecraft:quartz\"}}",
		"conditions": [
			{
				"condition": "minecraft:entity_properties",
				"entity": "this",
				"predicate": {
					"nbt": "{Tags:[\"captain_falcon\",\"blood_falcon\"]}"
				}
			}
		]
	},
	{
		"function": "minecraft:set_nbt",
		"tag": "{Trim:{pattern:\"ssbrc:fighters/captain_falcon/rick_wheeler\",material:\"minecraft:quartz\"}}",
		"conditions": [
			{
				"condition": "minecraft:entity_properties",
				"entity": "this",
				"predicate": {
					"nbt": "{Tags:[\"captain_falcon\",\"rick_wheeler\"]}"
				}
			}
		]
	},
	{
		"function": "minecraft:set_nbt",
		"tag": "{Trim:{pattern:\"ssbrc:fighters/cloud/default\",material:\"minecraft:quartz\"}}",
		"conditions": [
			{
				"condition": "minecraft:entity_properties",
				"entity": "this",
				"predicate": {
					"nbt": "{Tags:[\"cloud\",\"default\"]}"
				}
			}
		]
	},
	{
		"function": "minecraft:set_nbt",
		"tag": "{Trim:{pattern:\"ssbrc:fighters/cloud/gold\",material:\"minecraft:quartz\"}}",
		"conditions": [
			{
				"condition": "minecraft:entity_properties",
				"entity": "this",
				"predicate": {
					"nbt": "{Tags:[\"cloud\",\"gold\"]}"
				}
			}
		]
	},
	{
		"function": "minecraft:set_nbt",
		"tag": "{Trim:{pattern:\"ssbrc:fighters/dark_samus/default\",material:\"minecraft:quartz\"}}",
		"conditions": [
			{
				"condition": "minecraft:entity_properties",
				"entity": "this",
				"predicate": {
					"nbt": "{Tags:[\"dark_samus\",\"default\"]}"
				}
			}
		]
	},
	{
		"function": "minecraft:set_nbt",
		"tag": "{Trim:{pattern:\"ssbrc:fighters/dark_samus/gold\",material:\"minecraft:quartz\"}}",
		"conditions": [
			{
				"condition": "minecraft:entity_properties",
				"entity": "this",
				"predicate": {
					"nbt": "{Tags:[\"dark_samus\",\"gold\"]}"
				}
			}
		]
	},
	{
		"function": "minecraft:set_nbt",
		"tag": "{Trim:{pattern:\"ssbrc:fighters/dark_samus/prime_2\",material:\"minecraft:quartz\"}}",
		"conditions": [
			{
				"condition": "minecraft:entity_properties",
				"entity": "this",
				"predicate": {
					"nbt": "{Tags:[\"dark_samus\",\"prime_2\"]}"
				}
			}
		]
	},
	{
		"function": "minecraft:set_nbt",
		"tag": "{Trim:{pattern:\"ssbrc:fighters/dark_samus/prime_3\",material:\"minecraft:quartz\"}}",
		"conditions": [
			{
				"condition": "minecraft:entity_properties",
				"entity": "this",
				"predicate": {
					"nbt": "{Tags:[\"dark_samus\",\"prime_3\"]}"
				}
			}
		]
	},
	{
		"function": "minecraft:set_nbt",
		"tag": "{Trim:{pattern:\"ssbrc:fighters/dark_samus/prototype\",material:\"minecraft:quartz\"}}",
		"conditions": [
			{
				"condition": "minecraft:entity_properties",
				"entity": "this",
				"predicate": {
					"nbt": "{Tags:[\"dark_samus\",\"prototype\"]}"
				}
			}
		]
	},
	{
		"function": "minecraft:set_nbt",
		"tag": "{Trim:{pattern:\"ssbrc:fighters/donkey_kong/default\",material:\"minecraft:quartz\"}}",
		"conditions": [
			{
				"condition": "minecraft:entity_properties",
				"entity": "this",
				"predicate": {
					"nbt": "{Tags:[\"donkey_kong\",\"default\"]}"
				}
			}
		]
	},
	{
		"function": "minecraft:set_nbt",
		"tag": "{Trim:{pattern:\"ssbrc:fighters/donkey_kong/gold\",material:\"minecraft:quartz\"}}",
		"conditions": [
			{
				"condition": "minecraft:entity_properties",
				"entity": "this",
				"predicate": {
					"nbt": "{Tags:[\"donkey_kong\",\"gold\"]}"
				}
			}
		]
	},
	{
		"function": "minecraft:set_nbt",
		"tag": "{Trim:{pattern:\"ssbrc:fighters/donkey_kong/flower_power\",material:\"minecraft:quartz\"}}",
		"conditions": [
			{
				"condition": "minecraft:entity_properties",
				"entity": "this",
				"predicate": {
					"nbt": "{Tags:[\"donkey_kong\",\"flower_power\"]}"
				}
			}
		]
	},
	{
		"function": "minecraft:set_nbt",
		"tag": "{Trim:{pattern:\"ssbrc:fighters/donkey_kong/super_kong\",material:\"minecraft:quartz\"}}",
		"conditions": [
			{
				"condition": "minecraft:entity_properties",
				"entity": "this",
				"predicate": {
					"nbt": "{Tags:[\"donkey_kong\",\"super_kong\"]}"
				}
			}
		]
	},
	{
		"function": "minecraft:set_nbt",
		"tag": "{Trim:{pattern:\"ssbrc:fighters/fox/default\",material:\"minecraft:quartz\"}}",
		"conditions": [
			{
				"condition": "minecraft:entity_properties",
				"entity": "this",
				"predicate": {
					"nbt": "{Tags:[\"fox\",\"default\"]}"
				}
			}
		]
	},
	{
		"function": "minecraft:set_nbt",
		"tag": "{Trim:{pattern:\"ssbrc:fighters/fox/gold\",material:\"minecraft:quartz\"}}",
		"conditions": [
			{
				"condition": "minecraft:entity_properties",
				"entity": "this",
				"predicate": {
					"nbt": "{Tags:[\"fox\",\"gold\"]}"
				}
			}
		]
	},
	{
		"function": "minecraft:set_nbt",
		"tag": "{Trim:{pattern:\"ssbrc:fighters/fox/adventures\",material:\"minecraft:quartz\"}}",
		"conditions": [
			{
				"condition": "minecraft:entity_properties",
				"entity": "this",
				"predicate": {
					"nbt": "{Tags:[\"fox\",\"adventures\"]}"
				}
			}
		]
	},
	{
		"function": "minecraft:set_nbt",
		"tag": "{Trim:{pattern:\"ssbrc:fighters/ganondorf/default\",material:\"minecraft:quartz\"}}",
		"conditions": [
			{
				"condition": "minecraft:entity_properties",
				"entity": "this",
				"predicate": {
					"nbt": "{Tags:[\"ganondorf\",\"default\"]}"
				}
			}
		]
	},
	{
		"function": "minecraft:set_nbt",
		"tag": "{Trim:{pattern:\"ssbrc:fighters/ganondorf/gold\",material:\"minecraft:quartz\"}}",
		"conditions": [
			{
				"condition": "minecraft:entity_properties",
				"entity": "this",
				"predicate": {
					"nbt": "{Tags:[\"ganondorf\",\"gold\"]}"
				}
			}
		]
	},
	{
		"function": "minecraft:set_nbt",
		"tag": "{Trim:{pattern:\"ssbrc:fighters/ganondorf/ocarina_of_time\",material:\"minecraft:quartz\"}}",
		"conditions": [
			{
				"condition": "minecraft:entity_properties",
				"entity": "this",
				"predicate": {
					"nbt": "{Tags:[\"ganondorf\",\"ocarina_of_time\"]}"
				}
			}
		]
	},
	{
		"function": "minecraft:set_nbt",
		"tag": "{Trim:{pattern:\"ssbrc:fighters/ganondorf/tears_of_the_kingdom\",material:\"minecraft:quartz\"}}",
		"conditions": [
			{
				"condition": "minecraft:entity_properties",
				"entity": "this",
				"predicate": {
					"nbt": "{Tags:[\"ganondorf\",\"tears_of_the_kingdom\"]}"
				}
			}
		]
	},
	{
		"function": "minecraft:set_nbt",
		"tag": "{Trim:{pattern:\"ssbrc:fighters/ganondorf/wind_waker\",material:\"minecraft:quartz\"}}",
		"conditions": [
			{
				"condition": "minecraft:entity_properties",
				"entity": "this",
				"predicate": {
					"nbt": "{Tags:[\"ganondorf\",\"wind_waker\"]}"
				}
			}
		]
	},
	{
		"function": "minecraft:set_nbt",
		"tag": "{Trim:{pattern:\"ssbrc:fighters/greninja/default\",material:\"minecraft:quartz\"}}",
		"conditions": [
			{
				"condition": "minecraft:all_of",
				"terms": [
					{
						"condition": "minecraft:entity_properties",
						"entity": "this",
						"predicate": {
							"nbt": "{Tags:[\"greninja\"]}"
						}
					},
					{
						"condition": "minecraft:any_of",
						"terms": [
							{
								"condition": "minecraft:entity_properties",
								"entity": "this",
								"predicate": {
									"nbt": "{Tags:[\"default\"]}"
								}
							},
							{
								"condition": "minecraft:entity_properties",
								"entity": "this",
								"predicate": {
									"nbt": "{Tags:[\"pokemon.shadow\"]}"
								}
							}
						]
					}
				]
			}
		]
	},
	{
		"function": "minecraft:set_nbt",
		"tag": "{Trim:{pattern:\"ssbrc:fighters/greninja/gold\",material:\"minecraft:quartz\"}}",
		"conditions": [
			{
				"condition": "minecraft:entity_properties",
				"entity": "this",
				"predicate": {
					"nbt": "{Tags:[\"greninja\",\"gold\"]}"
				}
			}
		]
	},
	{
		"function": "minecraft:set_nbt",
		"tag": "{Trim:{pattern:\"ssbrc:fighters/greninja/shiny\",material:\"minecraft:quartz\"}}",
		"conditions": [
			{
				"condition": "minecraft:entity_properties",
				"entity": "this",
				"predicate": {
					"nbt": "{Tags:[\"greninja\",\"shiny\"]}"
				}
			}
		]
	},
	{
		"function": "minecraft:set_nbt",
		"tag": "{Trim:{pattern:\"ssbrc:fighters/greninja/hero_style\",material:\"minecraft:quartz\"}}",
		"conditions": [
			{
				"condition": "minecraft:entity_properties",
				"entity": "this",
				"predicate": {
					"nbt": "{Tags:[\"greninja\",\"hero_style\"]}"
				}
			}
		]
	},
	{
		"function": "minecraft:set_nbt",
		"tag": "{Trim:{pattern:\"ssbrc:fighters/hero/default/default\",material:\"minecraft:quartz\"}}",
		"conditions": [
			{
				"condition": "minecraft:entity_properties",
				"entity": "this",
				"predicate": {
					"nbt": "{Tags:[\"hero\",\"default\"]}"
				}
			}
		]
	},
	{
		"function": "minecraft:set_nbt",
		"tag": "{Trim:{pattern:\"ssbrc:fighters/hero/default/kaclang\",material:\"minecraft:quartz\"}}",
		"conditions": [
			{
				"condition": "minecraft:entity_properties",
				"entity": "this",
				"predicate": {
					"nbt": "{Tags:[\"hero\",\"default\",\"kaclang\"]}"
				}
			}
		]
	},
	{
		"function": "minecraft:set_nbt",
		"tag": "{Trim:{pattern:\"ssbrc:fighters/hero/gold/default\",material:\"minecraft:quartz\"}}",
		"conditions": [
			{
				"condition": "minecraft:entity_properties",
				"entity": "this",
				"predicate": {
					"nbt": "{Tags:[\"hero\",\"gold\"]}"
				}
			}
		]
	},
	{
		"function": "minecraft:set_nbt",
		"tag": "{Trim:{pattern:\"ssbrc:fighters/hero/default/kaclang\",material:\"minecraft:quartz\"}}",
		"conditions": [
			{
				"condition": "minecraft:entity_properties",
				"entity": "this",
				"predicate": {
					"nbt": "{Tags:[\"hero\",\"gold\",\"kaclang\"]}"
				}
			}
		]
	},
	{
		"function": "minecraft:set_nbt",
		"tag": "{Trim:{pattern:\"ssbrc:fighters/hero/erdrick/default\",material:\"minecraft:quartz\"}}",
		"conditions": [
			{
				"condition": "minecraft:entity_properties",
				"entity": "this",
				"predicate": {
					"nbt": "{Tags:[\"hero\",\"erdrick\"]}"
				}
			}
		]
	},
	{
		"function": "minecraft:set_nbt",
		"tag": "{Trim:{pattern:\"ssbrc:fighters/hero/erdrick/kaclang\",material:\"minecraft:quartz\"}}",
		"conditions": [
			{
				"condition": "minecraft:entity_properties",
				"entity": "this",
				"predicate": {
					"nbt": "{Tags:[\"hero\",\"erdrick\",\"kaclang\"]}"
				}
			}
		]
	},
	{
		"function": "minecraft:set_nbt",
		"tag": "{Trim:{pattern:\"ssbrc:fighters/hero/rek/default\",material:\"minecraft:quartz\"}}",
		"conditions": [
			{
				"condition": "minecraft:entity_properties",
				"entity": "this",
				"predicate": {
					"nbt": "{Tags:[\"hero\",\"rek\"]}"
				}
			}
		]
	},
	{
		"function": "minecraft:set_nbt",
		"tag": "{Trim:{pattern:\"ssbrc:fighters/hero/rek/kaclang\",material:\"minecraft:quartz\"}}",
		"conditions": [
			{
				"condition": "minecraft:entity_properties",
				"entity": "this",
				"predicate": {
					"nbt": "{Tags:[\"hero\",\"rek\",\"kaclang\"]}"
				}
			}
		]
	},
	{
		"function": "minecraft:set_nbt",
		"tag": "{Trim:{pattern:\"ssbrc:fighters/hero/sofia/default\",material:\"minecraft:quartz\"}}",
		"conditions": [
			{
				"condition": "minecraft:entity_properties",
				"entity": "this",
				"predicate": {
					"nbt": "{Tags:[\"hero\",\"sofia\"]}"
				}
			}
		]
	},
	{
		"function": "minecraft:set_nbt",
		"tag": "{Trim:{pattern:\"ssbrc:fighters/hero/sofia/kaclang\",material:\"minecraft:quartz\"}}",
		"conditions": [
			{
				"condition": "minecraft:entity_properties",
				"entity": "this",
				"predicate": {
					"nbt": "{Tags:[\"hero\",\"sofia\",\"kaclang\"]}"
				}
			}
		]
	},
	{
		"function": "minecraft:set_nbt",
		"tag": "{Trim:{pattern:\"ssbrc:fighters/jigglypuff/default\",material:\"minecraft:quartz\"}}",
		"conditions": [
			{
				"condition": "minecraft:entity_properties",
				"entity": "this",
				"predicate": {
					"nbt": "{Tags:[\"jigglypuff\",\"default\"]}"
				}
			}
		]
	},
	{
		"function": "minecraft:set_nbt",
		"tag": "{Trim:{pattern:\"ssbrc:fighters/jigglypuff/gold\",material:\"minecraft:quartz\"}}",
		"conditions": [
			{
				"condition": "minecraft:entity_properties",
				"entity": "this",
				"predicate": {
					"nbt": "{Tags:[\"jigglypuff\",\"gold\"]}"
				}
			}
		]
	},
	{
		"function": "minecraft:set_nbt",
		"tag": "{Trim:{pattern:\"ssbrc:fighters/jigglypuff/shiny\",material:\"minecraft:quartz\"}}",
		"conditions": [
			{
				"condition": "minecraft:entity_properties",
				"entity": "this",
				"predicate": {
					"nbt": "{Tags:[\"jigglypuff\",\"shiny\"]}"
				}
			}
		]
	},
	{
		"function": "minecraft:set_nbt",
		"tag": "{Trim:{pattern:\"ssbrc:fighters/joker/default\",material:\"minecraft:quartz\"}}",
		"conditions": [
			{
				"condition": "minecraft:entity_properties",
				"entity": "this",
				"predicate": {
					"nbt": "{Tags:[\"joker\",\"default\"]}"
				}
			}
		]
	},
	{
		"function": "minecraft:set_nbt",
		"tag": "{Trim:{pattern:\"ssbrc:fighters/joker/gold\",material:\"minecraft:quartz\"}}",
		"conditions": [
			{
				"condition": "minecraft:entity_properties",
				"entity": "this",
				"predicate": {
					"nbt": "{Tags:[\"joker\",\"gold\"]}"
				}
			}
		]
	},
	{
		"function": "minecraft:set_nbt",
		"tag": "{Trim:{pattern:\"ssbrc:fighters/joker/christmas_outfit\",material:\"minecraft:quartz\"}}",
		"conditions": [
			{
				"condition": "minecraft:entity_properties",
				"entity": "this",
				"predicate": {
					"nbt": "{Tags:[\"joker\",\"christmas_outfit\"]}"
				}
			}
		]
	},
	{
		"function": "minecraft:set_nbt",
		"tag": "{Trim:{pattern:\"ssbrc:fighters/joker/shujin_academy\",material:\"minecraft:quartz\"}}",
		"conditions": [
			{
				"condition": "minecraft:entity_properties",
				"entity": "this",
				"predicate": {
					"nbt": "{Tags:[\"joker\",\"shujin_academy\"]}"
				}
			}
		]
	},
	{
		"function": "minecraft:set_nbt",
		"tag": "{Trim:{pattern:\"ssbrc:fighters/king_k_rool/default\",material:\"minecraft:quartz\"}}",
		"conditions": [
			{
				"condition": "minecraft:entity_properties",
				"entity": "this",
				"predicate": {
					"nbt": "{Tags:[\"king_k_rool\",\"default\"]}"
				}
			}
		]
	},
	{
		"function": "minecraft:set_nbt",
		"tag": "{Trim:{pattern:\"ssbrc:fighters/king_k_rool/gold\",material:\"minecraft:quartz\"}}",
		"conditions": [
			{
				"condition": "minecraft:entity_properties",
				"entity": "this",
				"predicate": {
					"nbt": "{Tags:[\"king_k_rool\",\"gold\"]}"
				}
			}
		]
	},
	{
		"function": "minecraft:set_nbt",
		"tag": "{Trim:{pattern:\"ssbrc:fighters/kirby/default\",material:\"minecraft:quartz\"}}",
		"conditions": [
			{
				"condition": "minecraft:entity_properties",
				"entity": "this",
				"predicate": {
					"nbt": "{Tags:[\"kirby\",\"default\"]}"
				}
			}
		]
	},
	{
		"function": "minecraft:set_nbt",
		"tag": "{Trim:{pattern:\"ssbrc:fighters/kirby/gold\",material:\"minecraft:quartz\"}}",
		"conditions": [
			{
				"condition": "minecraft:entity_properties",
				"entity": "this",
				"predicate": {
					"nbt": "{Tags:[\"kirby\",\"gold\"]}"
				}
			}
		]
	},
	{
		"function": "minecraft:set_nbt",
		"tag": "{Trim:{pattern:\"ssbrc:fighters/link/default\",material:\"minecraft:quartz\"}}",
		"conditions": [
			{
				"condition": "minecraft:entity_properties",
				"entity": "this",
				"predicate": {
					"nbt": "{Tags:[\"link\",\"default\"]}"
				}
			}
		]
	},
	{
		"function": "minecraft:set_nbt",
		"tag": "{Trim:{pattern:\"ssbrc:fighters/link/gold\",material:\"minecraft:quartz\"}}",
		"conditions": [
			{
				"condition": "minecraft:entity_properties",
				"entity": "this",
				"predicate": {
					"nbt": "{Tags:[\"link\",\"gold\"]}"
				}
			}
		]
	},
	{
		"function": "minecraft:set_nbt",
		"tag": "{Trim:{pattern:\"ssbrc:fighters/link/archaic_tunic\",material:\"minecraft:quartz\"}}",
		"conditions": [
			{
				"condition": "minecraft:entity_properties",
				"entity": "this",
				"predicate": {
					"nbt": "{Tags:[\"link\",\"archaic_tunic\"]}"
				}
			}
		]
	},
	{
		"function": "minecraft:set_nbt",
		"tag": "{Trim:{pattern:\"ssbrc:fighters/link/dark_tunic\",material:\"minecraft:quartz\"}}",
		"conditions": [
			{
				"condition": "minecraft:entity_properties",
				"entity": "this",
				"predicate": {
					"nbt": "{Tags:[\"link\",\"dark_tunic\"]}"
				}
			}
		]
	},
	{
		"function": "minecraft:set_nbt",
		"tag": "{Trim:{pattern:\"ssbrc:fighters/link/tunic_of_time\",material:\"minecraft:quartz\"}}",
		"conditions": [
			{
				"condition": "minecraft:entity_properties",
				"entity": "this",
				"predicate": {
					"nbt": "{Tags:[\"link\",\"tunic_of_time\"]}"
				}
			}
		]
	},
	{
		"function": "minecraft:set_nbt",
		"tag": "{Trim:{pattern:\"ssbrc:fighters/lucario/default\",material:\"minecraft:quartz\"}}",
		"conditions": [
			{
				"condition": "minecraft:entity_properties",
				"entity": "this",
				"predicate": {
					"nbt": "{Tags:[\"lucario\",\"default\"]}"
				}
			}
		]
	},
	{
		"function": "minecraft:set_nbt",
		"tag": "{Trim:{pattern:\"ssbrc:fighters/lucario/gold\",material:\"minecraft:quartz\"}}",
		"conditions": [
			{
				"condition": "minecraft:entity_properties",
				"entity": "this",
				"predicate": {
					"nbt": "{Tags:[\"lucario\",\"gold\"]}"
				}
			}
		]
	},
	{
		"function": "minecraft:set_nbt",
		"tag": "{Trim:{pattern:\"ssbrc:fighters/luigi/default\",material:\"minecraft:quartz\"}}",
		"conditions": [
			{
				"condition": "minecraft:entity_properties",
				"entity": "this",
				"predicate": {
					"nbt": "{Tags:[\"luigi\",\"default\"]}"
				}
			}
		]
	},
	{
		"function": "minecraft:set_nbt",
		"tag": "{Trim:{pattern:\"ssbrc:fighters/luigi/gold\",material:\"minecraft:quartz\"}}",
		"conditions": [
			{
				"condition": "minecraft:entity_properties",
				"entity": "this",
				"predicate": {
					"nbt": "{Tags:[\"luigi\",\"gold\"]}"
				}
			}
		]
	},
	{
		"function": "minecraft:set_nbt",
		"tag": "{Trim:{pattern:\"ssbrc:fighters/luigi/flower_power\",material:\"minecraft:quartz\"}}",
		"conditions": [
			{
				"condition": "minecraft:entity_properties",
				"entity": "this",
				"predicate": {
					"nbt": "{Tags:[\"luigi\",\"flower_power\"]}"
				}
			}
		]
	},
	{
		"function": "minecraft:set_nbt",
		"tag": "{Trim:{pattern:\"ssbrc:fighters/luigi/gooigi\",material:\"minecraft:quartz\"}}",
		"conditions": [
			{
				"condition": "minecraft:entity_properties",
				"entity": "this",
				"predicate": {
					"nbt": "{Tags:[\"luigi\",\"gooigi\"]}"
				}
			}
		]
	},
	{
		"function": "minecraft:set_nbt",
		"tag": "{Trim:{pattern:\"ssbrc:fighters/luigi/penguin\",material:\"minecraft:quartz\"}}",
		"conditions": [
			{
				"condition": "minecraft:entity_properties",
				"entity": "this",
				"predicate": {
					"nbt": "{Tags:[\"luigi\",\"penguin\"]}"
				}
			}
		]
	},
	{
		"function": "minecraft:set_nbt",
		"tag": "{Trim:{pattern:\"ssbrc:fighters/mario/default\",material:\"minecraft:quartz\"}}",
		"conditions": [
			{
				"condition": "minecraft:entity_properties",
				"entity": "this",
				"predicate": {
					"nbt": "{Tags:[\"mario\",\"default\"]}"
				}
			}
		]
	},
	{
		"function": "minecraft:set_nbt",
		"tag": "{Trim:{pattern:\"ssbrc:fighters/mario/gold\",material:\"minecraft:quartz\"}}",
		"conditions": [
			{
				"condition": "minecraft:entity_properties",
				"entity": "this",
				"predicate": {
					"nbt": "{Tags:[\"mario\",\"gold\"]}"
				}
			}
		]
	},
	{
		"function": "minecraft:set_nbt",
		"tag": "{Trim:{pattern:\"ssbrc:fighters/mario/flower_power\",material:\"minecraft:quartz\"}}",
		"conditions": [
			{
				"condition": "minecraft:entity_properties",
				"entity": "this",
				"predicate": {
					"nbt": "{Tags:[\"mario\",\"flower_power\"]}"
				}
			}
		]
	},
	{
		"function": "minecraft:set_nbt",
		"tag": "{Trim:{pattern:\"ssbrc:fighters/mario/penguin\",material:\"minecraft:quartz\"}}",
		"conditions": [
			{
				"condition": "minecraft:entity_properties",
				"entity": "this",
				"predicate": {
					"nbt": "{Tags:[\"mario\",\"penguin\"]}"
				}
			}
		]
	},
	{
		"function": "minecraft:set_nbt",
		"tag": "{Trim:{pattern:\"ssbrc:fighters/mega_man/default\",material:\"minecraft:quartz\"}}",
		"conditions": [
			{
				"condition": "minecraft:entity_properties",
				"entity": "this",
				"predicate": {
					"nbt": "{Tags:[\"mega_man\",\"default\"]}"
				}
			}
		]
	},
	{
		"function": "minecraft:set_nbt",
		"tag": "{Trim:{pattern:\"ssbrc:fighters/mega_man/gold\",material:\"minecraft:quartz\"}}",
		"conditions": [
			{
				"condition": "minecraft:entity_properties",
				"entity": "this",
				"predicate": {
					"nbt": "{Tags:[\"mega_man\",\"gold\"]}"
				}
			}
		]
	},
	{
		"function": "minecraft:set_nbt",
		"tag": "{Trim:{pattern:\"ssbrc:fighters/mega_man/star_force\",material:\"minecraft:quartz\"}}",
		"conditions": [
			{
				"condition": "minecraft:entity_properties",
				"entity": "this",
				"predicate": {
					"nbt": "{Tags:[\"mega_man\",\"star_force\"]}"
				}
			}
		]
	},
	{
		"function": "minecraft:set_nbt",
		"tag": "{Trim:{pattern:\"ssbrc:fighters/ness/default\",material:\"minecraft:quartz\"}}",
		"conditions": [
			{
				"condition": "minecraft:entity_properties",
				"entity": "this",
				"predicate": {
					"nbt": "{Tags:[\"ness\",\"default\"]}"
				}
			}
		]
	},
	{
		"function": "minecraft:set_nbt",
		"tag": "{Trim:{pattern:\"ssbrc:fighters/ness/gold\",material:\"minecraft:quartz\"}}",
		"conditions": [
			{
				"condition": "minecraft:entity_properties",
				"entity": "this",
				"predicate": {
					"nbt": "{Tags:[\"ness\",\"gold\"]}"
				}
			}
		]
	},
	{
		"function": "minecraft:set_nbt",
		"tag": "{Trim:{pattern:\"ssbrc:fighters/ness/moonside\",material:\"minecraft:quartz\"}}",
		"conditions": [
			{
				"condition": "minecraft:entity_properties",
				"entity": "this",
				"predicate": {
					"nbt": "{Tags:[\"ness\",\"moonside\"]}"
				}
			}
		]
	},
	{
		"function": "minecraft:set_nbt",
		"tag": "{Trim:{pattern:\"ssbrc:fighters/ness/pajamas\",material:\"minecraft:quartz\"}}",
		"conditions": [
			{
				"condition": "minecraft:entity_properties",
				"entity": "this",
				"predicate": {
					"nbt": "{Tags:[\"ness\",\"pajamas\"]}"
				}
			}
		]
	},
	{
		"function": "minecraft:set_nbt",
		"tag": "{Trim:{pattern:\"ssbrc:fighters/ness/phase_distortion\",material:\"minecraft:quartz\"}}",
		"conditions": [
			{
				"condition": "minecraft:entity_properties",
				"entity": "this",
				"predicate": {
					"nbt": "{Tags:[\"ness\",\"phase_distortion\"]}"
				}
			}
		]
	},
	{
		"function": "minecraft:set_nbt",
		"tag": "{Trim:{pattern:\"ssbrc:fighters/peach/default\",material:\"minecraft:quartz\"}}",
		"conditions": [
			{
				"condition": "minecraft:entity_properties",
				"entity": "this",
				"predicate": {
					"nbt": "{Tags:[\"peach\",\"default\"]}"
				}
			}
		]
	},
	{
		"function": "minecraft:set_nbt",
		"tag": "{Trim:{pattern:\"ssbrc:fighters/peach/gold\",material:\"minecraft:quartz\"}}",
		"conditions": [
			{
				"condition": "minecraft:entity_properties",
				"entity": "this",
				"predicate": {
					"nbt": "{Tags:[\"peach\",\"gold\"]}"
				}
			}
		]
	},
	{
		"function": "minecraft:set_nbt",
		"tag": "{Trim:{pattern:\"ssbrc:fighters/peach/flower_power\",material:\"minecraft:quartz\"}}",
		"conditions": [
			{
				"condition": "minecraft:entity_properties",
				"entity": "this",
				"predicate": {
					"nbt": "{Tags:[\"peach\",\"flower_power\"]}"
				}
			}
		]
	},
	{
		"function": "minecraft:set_nbt",
		"tag": "{Trim:{pattern:\"ssbrc:fighters/peach/shadow_queen\",material:\"minecraft:quartz\"}}",
		"conditions": [
			{
				"condition": "minecraft:entity_properties",
				"entity": "this",
				"predicate": {
					"nbt": "{Tags:[\"peach\",\"shadow_queen\"]}"
				}
			}
		]
	},
	{
		"function": "minecraft:set_nbt",
		"tag": "{Trim:{pattern:\"ssbrc:fighters/pikachu/default\",material:\"minecraft:quartz\"}}",
		"conditions": [
			{
				"condition": "minecraft:all_of",
				"terms": [
					{
						"condition": "minecraft:entity_properties",
						"entity": "this",
						"predicate": {
							"nbt": "{Tags:[\"pikachu\"]}"
						}
					},
					{
						"condition": "minecraft:any_of",
						"terms": [
							{
								"condition": "minecraft:entity_properties",
								"entity": "this",
								"predicate": {
									"nbt": "{Tags:[\"default\"]}"
								}
							},
							{
								"condition": "minecraft:entity_properties",
								"entity": "this",
								"predicate": {
									"nbt": "{Tags:[\"santa_hat\"]}"
								}
							}
						]
					}
				]
			}
		]
	},
	{
		"function": "minecraft:set_nbt",
		"tag": "{Trim:{pattern:\"ssbrc:fighters/pikachu/gold\",material:\"minecraft:quartz\"}}",
		"conditions": [
			{
				"condition": "minecraft:entity_properties",
				"entity": "this",
				"predicate": {
					"nbt": "{Tags:[\"pikachu\",\"gold\"]}"
				}
			}
		]
	},
	{
		"function": "minecraft:set_nbt",
		"tag": "{Trim:{pattern:\"ssbrc:fighters/pikachu/shiny\",material:\"minecraft:quartz\"}}",
		"conditions": [
			{
				"condition": "minecraft:entity_properties",
				"entity": "this",
				"predicate": {
					"nbt": "{Tags:[\"pikachu\",\"shiny\"]}"
				}
			}
		]
	},
	{
		"function": "minecraft:set_nbt",
		"tag": "{Trim:{pattern:\"ssbrc:fighters/pit/default\",material:\"minecraft:quartz\"}}",
		"conditions": [
			{
				"condition": "minecraft:entity_properties",
				"entity": "this",
				"predicate": {
					"nbt": "{Tags:[\"pit\",\"default\"]}"
				}
			}
		]
	},
	{
		"function": "minecraft:set_nbt",
		"tag": "{Trim:{pattern:\"ssbrc:fighters/pit/gold\",material:\"minecraft:quartz\"}}",
		"conditions": [
			{
				"condition": "minecraft:entity_properties",
				"entity": "this",
				"predicate": {
					"nbt": "{Tags:[\"pit\",\"gold\"]}"
				}
			}
		]
	},
	{
		"function": "minecraft:set_nbt",
		"tag": "{Trim:{pattern:\"ssbrc:fighters/pokemon_trainer/default/trainer\",material:\"minecraft:quartz\"}}",
		"conditions": [
			{
				"condition": "minecraft:entity_properties",
				"entity": "this",
				"predicate": {
					"nbt": "{Tags:[\"pokemon_trainer\",\"default\"]}"
				}
			}
		]
	},
	{
		"function": "minecraft:set_nbt",
		"tag": "{Trim:{pattern:\"ssbrc:fighters/pokemon_trainer/default/charizard\",material:\"minecraft:quartz\"}}",
		"conditions": [
			{
				"condition": "minecraft:entity_properties",
				"entity": "this",
				"predicate": {
					"nbt": "{Tags:[\"charizard\",\"default\"]}"
				}
			}
		]
	},
	{
		"function": "minecraft:set_nbt",
		"tag": "{Trim:{pattern:\"ssbrc:fighters/pokemon_trainer/default/ivysaur\",material:\"minecraft:quartz\"}}",
		"conditions": [
			{
				"condition": "minecraft:entity_properties",
				"entity": "this",
				"predicate": {
					"nbt": "{Tags:[\"ivysaur\",\"default\"]}"
				}
			}
		]
	},
	{
		"function": "minecraft:set_nbt",
		"tag": "{Trim:{pattern:\"ssbrc:fighters/pokemon_trainer/default/squirtle\",material:\"minecraft:quartz\"}}",
		"conditions": [
			{
				"condition": "minecraft:entity_properties",
				"entity": "this",
				"predicate": {
					"nbt": "{Tags:[\"squirtle\",\"default\"]}"
				}
			}
		]
	},
	{
		"function": "minecraft:set_nbt",
		"tag": "{Trim:{pattern:\"ssbrc:fighters/pokemon_trainer/gold/trainer\",material:\"minecraft:quartz\"}}",
		"conditions": [
			{
				"condition": "minecraft:entity_properties",
				"entity": "this",
				"predicate": {
					"nbt": "{Tags:[\"pokemon_trainer\",\"gold\"]}"
				}
			}
		]
	},
	{
		"function": "minecraft:set_nbt",
		"tag": "{Trim:{pattern:\"ssbrc:fighters/pokemon_trainer/gold/charizard\",material:\"minecraft:quartz\"}}",
		"conditions": [
			{
				"condition": "minecraft:entity_properties",
				"entity": "this",
				"predicate": {
					"nbt": "{Tags:[\"charizard\",\"gold\"]}"
				}
			}
		]
	},
	{
		"function": "minecraft:set_nbt",
		"tag": "{Trim:{pattern:\"ssbrc:fighters/pokemon_trainer/gold/ivysaur\",material:\"minecraft:quartz\"}}",
		"conditions": [
			{
				"condition": "minecraft:entity_properties",
				"entity": "this",
				"predicate": {
					"nbt": "{Tags:[\"ivysaur\",\"gold\"]}"
				}
			}
		]
	},
	{
		"function": "minecraft:set_nbt",
		"tag": "{Trim:{pattern:\"ssbrc:fighters/pokemon_trainer/gold/squirtle\",material:\"minecraft:quartz\"}}",
		"conditions": [
			{
				"condition": "minecraft:entity_properties",
				"entity": "this",
				"predicate": {
					"nbt": "{Tags:[\"squirtle\",\"gold\"]}"
				}
			}
		]
	},
	{
		"function": "minecraft:set_nbt",
		"tag": "{Trim:{pattern:\"ssbrc:fighters/pokemon_trainer/dawn/trainer\",material:\"minecraft:quartz\"}}",
		"conditions": [
			{
				"condition": "minecraft:entity_properties",
				"entity": "this",
				"predicate": {
					"nbt": "{Tags:[\"pokemon_trainer\",\"dawn\"]}"
				}
			}
		]
	},
	{
		"function": "minecraft:set_nbt",
		"tag": "{Trim:{pattern:\"ssbrc:fighters/pokemon_trainer/dawn/charizard\",material:\"minecraft:quartz\"}}",
		"conditions": [
			{
				"condition": "minecraft:entity_properties",
				"entity": "this",
				"predicate": {
					"nbt": "{Tags:[\"charizard\",\"dawn\"]}"
				}
			}
		]
	},
	{
		"function": "minecraft:set_nbt",
		"tag": "{Trim:{pattern:\"ssbrc:fighters/pokemon_trainer/dawn/ivysaur\",material:\"minecraft:quartz\"}}",
		"conditions": [
			{
				"condition": "minecraft:entity_properties",
				"entity": "this",
				"predicate": {
					"nbt": "{Tags:[\"ivysaur\",\"dawn\"]}"
				}
			}
		]
	},
	{
		"function": "minecraft:set_nbt",
		"tag": "{Trim:{pattern:\"ssbrc:fighters/pokemon_trainer/dawn/squirtle\",material:\"minecraft:quartz\"}}",
		"conditions": [
			{
				"condition": "minecraft:entity_properties",
				"entity": "this",
				"predicate": {
					"nbt": "{Tags:[\"squirtle\",\"dawn\"]}"
				}
			}
		]
	},
	{
		"function": "minecraft:set_nbt",
		"tag": "{Trim:{pattern:\"ssbrc:fighters/pokemon_trainer/victor/trainer\",material:\"minecraft:quartz\"}}",
		"conditions": [
			{
				"condition": "minecraft:entity_properties",
				"entity": "this",
				"predicate": {
					"nbt": "{Tags:[\"pokemon_trainer\",\"victor\"]}"
				}
			}
		]
	},
	{
		"function": "minecraft:set_nbt",
		"tag": "{Trim:{pattern:\"ssbrc:fighters/pokemon_trainer/victor/charizard\",material:\"minecraft:quartz\"}}",
		"conditions": [
			{
				"condition": "minecraft:entity_properties",
				"entity": "this",
				"predicate": {
					"nbt": "{Tags:[\"charizard\",\"victor\"]}"
				}
			}
		]
	},
	{
		"function": "minecraft:set_nbt",
		"tag": "{Trim:{pattern:\"ssbrc:fighters/pokemon_trainer/victor/ivysaur\",material:\"minecraft:quartz\"}}",
		"conditions": [
			{
				"condition": "minecraft:entity_properties",
				"entity": "this",
				"predicate": {
					"nbt": "{Tags:[\"ivysaur\",\"victor\"]}"
				}
			}
		]
	},
	{
		"function": "minecraft:set_nbt",
		"tag": "{Trim:{pattern:\"ssbrc:fighters/pokemon_trainer/victor/squirtle\",material:\"minecraft:quartz\"}}",
		"conditions": [
			{
				"condition": "minecraft:entity_properties",
				"entity": "this",
				"predicate": {
					"nbt": "{Tags:[\"squirtle\",\"victor\"]}"
				}
			}
		]
	},
	{
		"function": "minecraft:set_nbt",
		"tag": "{Trim:{pattern:\"ssbrc:fighters/pokemon_trainer/default/trainer\",material:\"minecraft:quartz\"}}",
		"conditions": [
			{
				"condition": "minecraft:entity_properties",
				"entity": "this",
				"predicate": {
					"nbt": "{Tags:[\"pokemon_trainer\",\"shiny\"]}"
				}
			}
		]
	},
	{
		"function": "minecraft:set_nbt",
		"tag": "{Trim:{pattern:\"ssbrc:fighters/pokemon_trainer/shiny/charizard\",material:\"minecraft:quartz\"}}",
		"conditions": [
			{
				"condition": "minecraft:entity_properties",
				"entity": "this",
				"predicate": {
					"nbt": "{Tags:[\"charizard\",\"shiny\"]}"
				}
			}
		]
	},
	{
		"function": "minecraft:set_nbt",
		"tag": "{Trim:{pattern:\"ssbrc:fighters/pokemon_trainer/shiny/ivysaur\",material:\"minecraft:quartz\"}}",
		"conditions": [
			{
				"condition": "minecraft:entity_properties",
				"entity": "this",
				"predicate": {
					"nbt": "{Tags:[\"ivysaur\",\"shiny\"]}"
				}
			}
		]
	},
	{
		"function": "minecraft:set_nbt",
		"tag": "{Trim:{pattern:\"ssbrc:fighters/pokemon_trainer/shiny/squirtle\",material:\"minecraft:quartz\"}}",
		"conditions": [
			{
				"condition": "minecraft:entity_properties",
				"entity": "this",
				"predicate": {
					"nbt": "{Tags:[\"squirtle\",\"shiny\"]}"
				}
			}
		]
	},
	{
		"function": "minecraft:set_nbt",
		"tag": "{Trim:{pattern:\"ssbrc:fighters/rob/default\",material:\"minecraft:quartz\"}}",
		"conditions": [
			{
				"condition": "minecraft:entity_properties",
				"entity": "this",
				"predicate": {
					"nbt": "{Tags:[\"rob\",\"default\"]}"
				}
			}
		]
	},
	{
		"function": "minecraft:set_nbt",
		"tag": "{Trim:{pattern:\"ssbrc:fighters/rob/gold\",material:\"minecraft:quartz\"}}",
		"conditions": [
			{
				"condition": "minecraft:entity_properties",
				"entity": "this",
				"predicate": {
					"nbt": "{Tags:[\"rob\",\"gold\"]}"
				}
			}
		]
	},
	{
		"function": "minecraft:set_nbt",
		"tag": "{Trim:{pattern:\"ssbrc:fighters/rob/ancient_minister\",material:\"minecraft:quartz\"}}",
		"conditions": [
			{
				"condition": "minecraft:entity_properties",
				"entity": "this",
				"predicate": {
					"nbt": "{Tags:[\"rob\",\"ancient_minister\"]}"
				}
			}
		]
	},
	{
		"function": "minecraft:set_nbt",
		"tag": "{Trim:{pattern:\"ssbrc:fighters/rob/famicom\",material:\"minecraft:quartz\"}}",
		"conditions": [
			{
				"condition": "minecraft:entity_properties",
				"entity": "this",
				"predicate": {
					"nbt": "{Tags:[\"rob\",\"famicom\"]}"
				}
			}
		]
	},
	{
		"function": "minecraft:set_nbt",
		"tag": "{Trim:{pattern:\"ssbrc:fighters/roy/default\",material:\"minecraft:quartz\"}}",
		"conditions": [
			{
				"condition": "minecraft:entity_properties",
				"entity": "this",
				"predicate": {
					"nbt": "{Tags:[\"roy\",\"default\"]}"
				}
			}
		]
	},
	{
		"function": "minecraft:set_nbt",
		"tag": "{Trim:{pattern:\"ssbrc:fighters/roy/gold\",material:\"minecraft:quartz\"}}",
		"conditions": [
			{
				"condition": "minecraft:entity_properties",
				"entity": "this",
				"predicate": {
					"nbt": "{Tags:[\"roy\",\"gold\"]}"
				}
			}
		]
	},
	{
		"function": "minecraft:set_nbt",
		"tag": "{Trim:{pattern:\"ssbrc:fighters/roy/awakening\",material:\"minecraft:quartz\"}}",
		"conditions": [
			{
				"condition": "minecraft:entity_properties",
				"entity": "this",
				"predicate": {
					"nbt": "{Tags:[\"roy\",\"awakening\"]}"
				}
			}
		]
	},
	{
		"function": "minecraft:set_nbt",
		"tag": "{Trim:{pattern:\"ssbrc:fighters/roy/blazing_bachelor\",material:\"minecraft:quartz\"}}",
		"conditions": [
			{
				"condition": "minecraft:entity_properties",
				"entity": "this",
				"predicate": {
					"nbt": "{Tags:[\"roy\",\"blazing_bachelor\"]}"
				}
			}
		]
	},
	{
		"function": "minecraft:set_nbt",
		"tag": "{Trim:{pattern:\"ssbrc:fighters/roy/young_lion\",material:\"minecraft:quartz\"}}",
		"conditions": [
			{
				"condition": "minecraft:entity_properties",
				"entity": "this",
				"predicate": {
					"nbt": "{Tags:[\"roy\",\"young_lion\"]}"
				}
			}
		]
	},
	{
		"function": "minecraft:set_nbt",
		"tag": "{Trim:{pattern:\"ssbrc:fighters/ryu/default/default\",material:\"minecraft:quartz\"}}",
		"conditions": [
			{
				"condition": "minecraft:entity_properties",
				"entity": "this",
				"predicate": {
					"nbt": "{Tags:[\"ryu\",\"default\"]}"
				}
			}
		]
	},
	{
		"function": "minecraft:set_nbt",
		"tag": "{Trim:{pattern:\"ssbrc:fighters/ryu/default/evil\",material:\"minecraft:quartz\"}}",
		"conditions": [
			{
				"condition": "minecraft:entity_properties",
				"entity": "this",
				"predicate": {
					"nbt": "{Tags:[\"ryu\",\"default\",\"satsui_no_hado_rage\"]}"
				}
			}
		]
	},
	{
		"function": "minecraft:set_nbt",
		"tag": "{Trim:{pattern:\"ssbrc:fighters/ryu/gold/default\",material:\"minecraft:quartz\"}}",
		"conditions": [
			{
				"condition": "minecraft:entity_properties",
				"entity": "this",
				"predicate": {
					"nbt": "{Tags:[\"ryu\",\"gold\"]}"
				}
			}
		]
	},
	{
		"function": "minecraft:set_nbt",
		"tag": "{Trim:{pattern:\"ssbrc:fighters/ryu/gold/evil\",material:\"minecraft:quartz\"}}",
		"conditions": [
			{
				"condition": "minecraft:entity_properties",
				"entity": "this",
				"predicate": {
					"nbt": "{Tags:[\"ryu\",\"gold\",\"satsui_no_hado_rage\"]}"
				}
			}
		]
	},
	{
		"function": "minecraft:set_nbt",
		"tag": "{Trim:{pattern:\"ssbrc:fighters/ryu/hot_ryu/default\",material:\"minecraft:quartz\"}}",
		"conditions": [
			{
				"condition": "minecraft:entity_properties",
				"entity": "this",
				"predicate": {
					"nbt": "{Tags:[\"ryu\",\"hot_ryu\"]}"
				}
			}
		]
	},
	{
		"function": "minecraft:set_nbt",
		"tag": "{Trim:{pattern:\"ssbrc:fighters/ryu/hot_ryu/evil\",material:\"minecraft:quartz\"}}",
		"conditions": [
			{
				"condition": "minecraft:entity_properties",
				"entity": "this",
				"predicate": {
					"nbt": "{Tags:[\"ryu\",\"hot_ryu\",\"satsui_no_hado_rage\"]}"
				}
			}
		]
	},
	{
		"function": "minecraft:set_nbt",
		"tag": "{Trim:{pattern:\"ssbrc:fighters/ryu/super_turbo/default\",material:\"minecraft:quartz\"}}",
		"conditions": [
			{
				"condition": "minecraft:entity_properties",
				"entity": "this",
				"predicate": {
					"nbt": "{Tags:[\"ryu\",\"super_turbo\"]}"
				}
			}
		]
	},
	{
		"function": "minecraft:set_nbt",
		"tag": "{Trim:{pattern:\"ssbrc:fighters/ryu/super_turbo/evil\",material:\"minecraft:quartz\"}}",
		"conditions": [
			{
				"condition": "minecraft:entity_properties",
				"entity": "this",
				"predicate": {
					"nbt": "{Tags:[\"ryu\",\"super_turbo\",\"satsui_no_hado_rage\"]}"
				}
			}
		]
	},
	{
		"function": "minecraft:set_nbt",
		"tag": "{Trim:{pattern:\"ssbrc:fighters/samus/default\",material:\"minecraft:quartz\"}}",
		"conditions": [
			{
				"condition": "minecraft:entity_properties",
				"entity": "this",
				"predicate": {
					"nbt": "{Tags:[\"samus\",\"default\"]}"
				}
			}
		]
	},
	{
		"function": "minecraft:set_nbt",
		"tag": "{Trim:{pattern:\"ssbrc:fighters/samus/gold\",material:\"minecraft:quartz\"}}",
		"conditions": [
			{
				"condition": "minecraft:entity_properties",
				"entity": "this",
				"predicate": {
					"nbt": "{Tags:[\"samus\",\"gold\"]}"
				}
			}
		]
	},
	{
		"function": "minecraft:set_nbt",
		"tag": "{Trim:{pattern:\"ssbrc:fighters/samus/gravity_suit\",material:\"minecraft:quartz\"}}",
		"conditions": [
			{
				"condition": "minecraft:entity_properties",
				"entity": "this",
				"predicate": {
					"nbt": "{Tags:[\"samus\",\"gravity_suit\"]}"
				}
			}
		]
	},
	{
		"function": "minecraft:set_nbt",
		"tag": "{Trim:{pattern:\"ssbrc:fighters/samus/phazon_suit\",material:\"minecraft:quartz\"}}",
		"conditions": [
			{
				"condition": "minecraft:entity_properties",
				"entity": "this",
				"predicate": {
					"nbt": "{Tags:[\"samus\",\"phazon_suit\"]}"
				}
			}
		]
	},
	{
		"function": "minecraft:set_nbt",
		"tag": "{Trim:{pattern:\"ssbrc:fighters/snake/default\",material:\"minecraft:quartz\"}}",
		"conditions": [
			{
				"condition": "minecraft:entity_properties",
				"entity": "this",
				"predicate": {
					"nbt": "{Tags:[\"snake\",\"default\"]}"
				}
			}
		]
	},
	{
		"function": "minecraft:set_nbt",
		"tag": "{Trim:{pattern:\"ssbrc:fighters/snake/gold\",material:\"minecraft:quartz\"}}",
		"conditions": [
			{
				"condition": "minecraft:entity_properties",
				"entity": "this",
				"predicate": {
					"nbt": "{Tags:[\"snake\",\"gold\"]}"
				}
			}
		]
	},
	{
		"function": "minecraft:set_nbt",
		"tag": "{Trim:{pattern:\"ssbrc:fighters/snake/iroquois_pliskin\",material:\"minecraft:quartz\"}}",
		"conditions": [
			{
				"condition": "minecraft:entity_properties",
				"entity": "this",
				"predicate": {
					"nbt": "{Tags:[\"snake\",\"iroquois_pliskin\"]}"
				}
			}
		]
	},
	{
		"function": "minecraft:set_nbt",
		"tag": "{Trim:{pattern:\"ssbrc:fighters/snake/old_snake\",material:\"minecraft:quartz\"}}",
		"conditions": [
			{
				"condition": "minecraft:entity_properties",
				"entity": "this",
				"predicate": {
					"nbt": "{Tags:[\"snake\",\"old_snake\"]}"
				}
			}
		]
	},
	{
		"function": "minecraft:set_nbt",
		"tag": "{Trim:{pattern:\"ssbrc:fighters/sonic/default\",material:\"minecraft:quartz\"}}",
		"conditions": [
			{
				"condition": "minecraft:entity_properties",
				"entity": "this",
				"predicate": {
					"nbt": "{Tags:[\"sonic\",\"default\"]}"
				}
			}
		]
	},
	{
		"function": "minecraft:set_nbt",
		"tag": "{Trim:{pattern:\"ssbrc:fighters/sonic/gold\",material:\"minecraft:quartz\"}}",
		"conditions": [
			{
				"condition": "minecraft:entity_properties",
				"entity": "this",
				"predicate": {
					"nbt": "{Tags:[\"sonic\",\"gold\"]}"
				}
			}
		]
	},
	{
		"function": "minecraft:set_nbt",
		"tag": "{Trim:{pattern:\"ssbrc:fighters/sonic/classic\",material:\"minecraft:quartz\"}}",
		"conditions": [
			{
				"condition": "minecraft:entity_properties",
				"entity": "this",
				"predicate": {
					"nbt": "{Tags:[\"sonic\",\"classic\"]}"
				}
			}
		]
	},
	{
		"function": "minecraft:set_nbt",
		"tag": "{Trim:{pattern:\"ssbrc:fighters/sonic/werehog\",material:\"minecraft:quartz\"}}",
		"conditions": [
			{
				"condition": "minecraft:entity_properties",
				"entity": "this",
				"predicate": {
					"nbt": "{Tags:[\"sonic\",\"werehog\"]}"
				}
			}
		]
	},
	{
		"function": "minecraft:set_nbt",
		"tag": "{Trim:{pattern:\"ssbrc:fighters/sora/default/default\",material:\"minecraft:quartz\"}}",
		"conditions": [
			{
				"condition": "minecraft:entity_properties",
				"entity": "this",
				"predicate": {
					"nbt": "{Tags:[\"sora\",\"default\"]}"
				}
			}
		]
	},
	{
		"function": "minecraft:set_nbt",
		"tag": "{Trim:{pattern:\"ssbrc:fighters/sora/default/anti\",material:\"minecraft:quartz\"}}",
		"conditions": [
			{
				"condition": "minecraft:entity_properties",
				"entity": "this",
				"predicate": {
					"nbt": "{Tags:[\"sora\",\"default\",\"anti\"]}"
				}
			}
		]
	},
	{
		"function": "minecraft:set_nbt",
		"tag": "{Trim:{pattern:\"ssbrc:fighters/sora/default/valor\",material:\"minecraft:quartz\"}}",
		"conditions": [
			{
				"condition": "minecraft:entity_properties",
				"entity": "this",
				"predicate": {
					"nbt": "{Tags:[\"sora\",\"default\",\"valor\"]}"
				}
			}
		]
	},
	{
		"function": "minecraft:set_nbt",
		"tag": "{Trim:{pattern:\"ssbrc:fighters/sora/default/wisdom\",material:\"minecraft:quartz\"}}",
		"conditions": [
			{
				"condition": "minecraft:entity_properties",
				"entity": "this",
				"predicate": {
					"nbt": "{Tags:[\"sora\",\"default\",\"wisdom\"]}"
				}
			}
		]
	},
	{
		"function": "minecraft:set_nbt",
		"tag": "{Trim:{pattern:\"ssbrc:fighters/sora/gold/default\",material:\"minecraft:quartz\"}}",
		"conditions": [
			{
				"condition": "minecraft:entity_properties",
				"entity": "this",
				"predicate": {
					"nbt": "{Tags:[\"sora\",\"gold\"]}"
				}
			}
		]
	},
	{
		"function": "minecraft:set_nbt",
		"tag": "{Trim:{pattern:\"ssbrc:fighters/sora/gold/anti\",material:\"minecraft:quartz\"}}",
		"conditions": [
			{
				"condition": "minecraft:entity_properties",
				"entity": "this",
				"predicate": {
					"nbt": "{Tags:[\"sora\",\"gold\",\"anti\"]}"
				}
			}
		]
	},
	{
		"function": "minecraft:set_nbt",
		"tag": "{Trim:{pattern:\"ssbrc:fighters/sora/gold/valor\",material:\"minecraft:quartz\"}}",
		"conditions": [
			{
				"condition": "minecraft:entity_properties",
				"entity": "this",
				"predicate": {
					"nbt": "{Tags:[\"sora\",\"gold\",\"valor\"]}"
				}
			}
		]
	},
	{
		"function": "minecraft:set_nbt",
		"tag": "{Trim:{pattern:\"ssbrc:fighters/sora/gold/wisdom\",material:\"minecraft:quartz\"}}",
		"conditions": [
			{
				"condition": "minecraft:entity_properties",
				"entity": "this",
				"predicate": {
					"nbt": "{Tags:[\"sora\",\"gold\",\"wisdom\"]}"
				}
			}
		]
	},
	{
		"function": "minecraft:set_nbt",
		"tag": "{Trim:{pattern:\"ssbrc:fighters/sora/timeless_river/default\",material:\"minecraft:quartz\"}}",
		"conditions": [
			{
				"condition": "minecraft:entity_properties",
				"entity": "this",
				"predicate": {
					"nbt": "{Tags:[\"sora\",\"timeless_river\"]}"
				}
			}
		]
	},
	{
		"function": "minecraft:set_nbt",
		"tag": "{Trim:{pattern:\"ssbrc:fighters/sora/default/anti\",material:\"minecraft:quartz\"}}",
		"conditions": [
			{
				"condition": "minecraft:entity_properties",
				"entity": "this",
				"predicate": {
					"nbt": "{Tags:[\"sora\",\"timeless_river\",\"anti\"]}"
				}
			}
		]
	},
	{
		"function": "minecraft:set_nbt",
		"tag": "{Trim:{pattern:\"ssbrc:fighters/sora/timeless_river/valor\",material:\"minecraft:quartz\"}}",
		"conditions": [
			{
				"condition": "minecraft:entity_properties",
				"entity": "this",
				"predicate": {
					"nbt": "{Tags:[\"sora\",\"timeless_river\",\"valor\"]}"
				}
			}
		]
	},
	{
		"function": "minecraft:set_nbt",
		"tag": "{Trim:{pattern:\"ssbrc:fighters/sora/timeless_river/wisdom\",material:\"minecraft:quartz\"}}",
		"conditions": [
			{
				"condition": "minecraft:entity_properties",
				"entity": "this",
				"predicate": {
					"nbt": "{Tags:[\"sora\",\"timeless_river\",\"wisdom\"]}"
				}
			}
		]
	},
	{
		"function": "minecraft:set_nbt",
		"tag": "{Trim:{pattern:\"ssbrc:fighters/steve/default\",material:\"minecraft:quartz\"}}",
		"conditions": [
			{
				"condition": "minecraft:entity_properties",
				"entity": "this",
				"predicate": {
					"nbt": "{Tags:[\"steve\",\"default\"]}"
				}
			}
		]
	},
	{
		"function": "minecraft:set_nbt",
		"tag": "{Trim:{pattern:\"ssbrc:fighters/steve/gold\",material:\"minecraft:quartz\"}}",
		"conditions": [
			{
				"condition": "minecraft:entity_properties",
				"entity": "this",
				"predicate": {
					"nbt": "{Tags:[\"steve\",\"gold\"]}"
				}
			}
		]
	},
	{
		"function": "minecraft:set_nbt",
		"tag": "{Trim:{pattern:\"ssbrc:fighters/steve/alex\",material:\"minecraft:quartz\"}}",
		"conditions": [
			{
				"condition": "minecraft:entity_properties",
				"entity": "this",
				"predicate": {
					"nbt": "{Tags:[\"steve\",\"alex\"]}"
				}
			}
		]
	},
	{
		"function": "minecraft:set_nbt",
		"tag": "{Trim:{pattern:\"ssbrc:fighters/steve/default\",material:\"minecraft:quartz\"}}",
		"conditions": [
			{
				"condition": "minecraft:entity_properties",
				"entity": "this",
				"predicate": {
					"nbt": "{Tags:[\"steve\",\"herobrine\"]}"
				}
			}
		]
	},
	{
		"function": "minecraft:set_nbt",
		"tag": "{Trim:{pattern:\"ssbrc:fighters/terry/default\",material:\"minecraft:quartz\"}}",
		"conditions": [
			{
				"condition": "minecraft:entity_properties",
				"entity": "this",
				"predicate": {
					"nbt": "{Tags:[\"terry\",\"default\"]}"
				}
			}
		]
	},
	{
		"function": "minecraft:set_nbt",
		"tag": "{Trim:{pattern:\"ssbrc:fighters/terry/gold\",material:\"minecraft:quartz\"}}",
		"conditions": [
			{
				"condition": "minecraft:entity_properties",
				"entity": "this",
				"predicate": {
					"nbt": "{Tags:[\"terry\",\"gold\"]}"
				}
			}
		]
	},
	{
		"function": "minecraft:set_nbt",
		"tag": "{Trim:{pattern:\"ssbrc:fighters/terry/king_of_fighters\",material:\"minecraft:quartz\"}}",
		"conditions": [
			{
				"condition": "minecraft:entity_properties",
				"entity": "this",
				"predicate": {
					"nbt": "{Tags:[\"terry\",\"king_of_fighters\"]}"
				}
			}
		]
	},
	{
		"function": "minecraft:set_nbt",
		"tag": "{Trim:{pattern:\"ssbrc:fighters/terry/mark_of_the_wolves\",material:\"minecraft:quartz\"}}",
		"conditions": [
			{
				"condition": "minecraft:entity_properties",
				"entity": "this",
				"predicate": {
					"nbt": "{Tags:[\"terry\",\"mark_of_the_wolves\"]}"
				}
			}
		]
	},
	{
		"function": "minecraft:set_nbt",
		"tag": "{Trim:{pattern:\"ssbrc:fighters/terry/mirror\",material:\"minecraft:quartz\"}}",
		"conditions": [
			{
				"condition": "minecraft:entity_properties",
				"entity": "this",
				"predicate": {
					"nbt": "{Tags:[\"terry\",\"mirror\"]}"
				}
			}
		]
	},
	{
		"function": "minecraft:set_nbt",
		"tag": "{Trim:{pattern:\"ssbrc:fighters/wolf/default\",material:\"minecraft:quartz\"}}",
		"conditions": [
			{
				"condition": "minecraft:entity_properties",
				"entity": "this",
				"predicate": {
					"nbt": "{Tags:[\"wolf\",\"default\"]}"
				}
			}
		]
	},
	{
		"function": "minecraft:set_nbt",
		"tag": "{Trim:{pattern:\"ssbrc:fighters/wolf/gold\",material:\"minecraft:quartz\"}}",
		"conditions": [
			{
				"condition": "minecraft:entity_properties",
				"entity": "this",
				"predicate": {
					"nbt": "{Tags:[\"wolf\",\"gold\"]}"
				}
			}
		]
	},
	{
		"function": "minecraft:set_nbt",
		"tag": "{Trim:{pattern:\"ssbrc:fighters/wolf/assault\",material:\"minecraft:quartz\"}}",
		"conditions": [
			{
				"condition": "minecraft:entity_properties",
				"entity": "this",
				"predicate": {
					"nbt": "{Tags:[\"wolf\",\"assault\"]}"
				}
			}
		]
	},
	{
		"function": "minecraft:set_nbt",
		"tag": "{Trim:{pattern:\"ssbrc:fighters/wolf/star_fox_2\",material:\"minecraft:quartz\"}}",
		"conditions": [
			{
				"condition": "minecraft:entity_properties",
				"entity": "this",
				"predicate": {
					"nbt": "{Tags:[\"wolf\",\"star_fox_2\"]}"
				}
			}
		]
	},
	{
		"function": "minecraft:set_nbt",
		"tag": "{Trim:{pattern:\"ssbrc:fighters/wolf/starlink\",material:\"minecraft:quartz\"}}",
		"conditions": [
			{
				"condition": "minecraft:entity_properties",
				"entity": "this",
				"predicate": {
					"nbt": "{Tags:[\"wolf\",\"starlink\"]}"
				}
			}
		]
	},
	{
		"function": "minecraft:set_nbt",
		"tag": "{Trim:{pattern:\"ssbrc:fighters/yoshi/default\",material:\"minecraft:quartz\"}}",
		"conditions": [
			{
				"condition": "minecraft:entity_properties",
				"entity": "this",
				"predicate": {
					"nbt": "{Tags:[\"yoshi\",\"default\"]}"
				}
			}
		]
	},
	{
		"function": "minecraft:set_nbt",
		"tag": "{Trim:{pattern:\"ssbrc:fighters/zelda/default\",material:\"minecraft:quartz\"}}",
		"conditions": [
			{
				"condition": "minecraft:entity_properties",
				"entity": "this",
				"predicate": {
					"nbt": "{Tags:[\"zelda\",\"default\"]}"
				}
			}
		]
	},
	{
		"function": "minecraft:set_nbt",
		"tag": "{Trim:{pattern:\"ssbrc:fighters/zelda/gold\",material:\"minecraft:quartz\"}}",
		"conditions": [
			{
				"condition": "minecraft:entity_properties",
				"entity": "this",
				"predicate": {
					"nbt": "{Tags:[\"zelda\",\"gold\"]}"
				}
			}
		]
	},
	{
		"function": "minecraft:set_nbt",
		"tag": "{Trim:{pattern:\"ssbrc:fighters/zelda/hyrule_warriors\",material:\"minecraft:quartz\"}}",
		"conditions": [
			{
				"condition": "minecraft:entity_properties",
				"entity": "this",
				"predicate": {
					"nbt": "{Tags:[\"zelda\",\"hyrule_warriors\"]}"
				}
			}
		]
	},
	{
		"function": "minecraft:set_nbt",
		"tag": "{Trim:{pattern:\"ssbrc:fighters/zelda/shadow_zelda\",material:\"minecraft:quartz\"}}",
		"conditions": [
			{
				"condition": "minecraft:entity_properties",
				"entity": "this",
				"predicate": {
					"nbt": "{Tags:[\"zelda\",\"shadow_zelda\"]}"
				}
			}
		]
	},
	{
		"function": "minecraft:set_nbt",
		"tag": "{Trim:{pattern:\"ssbrc:fighters/zelda/twilight_princess\",material:\"minecraft:quartz\"}}",
		"conditions": [
			{
				"condition": "minecraft:entity_properties",
				"entity": "this",
				"predicate": {
					"nbt": "{Tags:[\"zelda\",\"twilight_princess\"]}"
				}
			}
		]
	},
	{
		"function": "minecraft:set_nbt",
		"tag": "{Trim:{pattern:\"ssbrc:fighters/altered_beast/default/centurion\",material:\"minecraft:quartz\"}}",
		"conditions": [
			{
				"condition": "minecraft:entity_properties",
				"entity": "this",
				"predicate": {
					"nbt": "{Tags:[\"altered_beast\",\"default\",\"centurion\"]}"
				}
			}
		]
	},
	{
		"function": "minecraft:set_nbt",
		"tag": "{Trim:{pattern:\"ssbrc:fighters/altered_beast/default/warebear\",material:\"minecraft:quartz\"}}",
		"conditions": [
			{
				"condition": "minecraft:entity_properties",
				"entity": "this",
				"predicate": {
					"nbt": "{Tags:[\"altered_beast\",\"default\",\"warebear\"]}"
				}
			}
		]
	},
	{
		"function": "minecraft:set_nbt",
		"tag": "{Trim:{pattern:\"ssbrc:fighters/altered_beast/default/waredragon\",material:\"minecraft:quartz\"}}",
		"conditions": [
			{
				"condition": "minecraft:entity_properties",
				"entity": "this",
				"predicate": {
					"nbt": "{Tags:[\"altered_beast\",\"default\",\"waredragon\"]}"
				}
			}
		]
	},
	{
		"function": "minecraft:set_nbt",
		"tag": "{Trim:{pattern:\"ssbrc:fighters/altered_beast/default/waretiger\",material:\"minecraft:quartz\"}}",
		"conditions": [
			{
				"condition": "minecraft:entity_properties",
				"entity": "this",
				"predicate": {
					"nbt": "{Tags:[\"altered_beast\",\"default\",\"waretiger\"]}"
				}
			}
		]
	},
	{
		"function": "minecraft:set_nbt",
		"tag": "{Trim:{pattern:\"ssbrc:fighters/altered_beast/default/warewolf\",material:\"minecraft:quartz\"}}",
		"conditions": [
			{
				"condition": "minecraft:entity_properties",
				"entity": "this",
				"predicate": {
					"nbt": "{Tags:[\"altered_beast\",\"default\",\"warewolf\"]}"
				}
			}
		]
	},
	{
		"function": "minecraft:set_nbt",
		"tag": "{Trim:{pattern:\"ssbrc:fighters/altered_beast/gold/centurion\",material:\"minecraft:quartz\"}}",
		"conditions": [
			{
				"condition": "minecraft:entity_properties",
				"entity": "this",
				"predicate": {
					"nbt": "{Tags:[\"altered_beast\",\"gold\",\"centurion\"]}"
				}
			}
		]
	},
	{
		"function": "minecraft:set_nbt",
		"tag": "{Trim:{pattern:\"ssbrc:fighters/altered_beast/gold/warebear\",material:\"minecraft:quartz\"}}",
		"conditions": [
			{
				"condition": "minecraft:entity_properties",
				"entity": "this",
				"predicate": {
					"nbt": "{Tags:[\"altered_beast\",\"gold\",\"warebear\"]}"
				}
			}
		]
	},
	{
		"function": "minecraft:set_nbt",
		"tag": "{Trim:{pattern:\"ssbrc:fighters/altered_beast/gold/waredragon\",material:\"minecraft:quartz\"}}",
		"conditions": [
			{
				"condition": "minecraft:entity_properties",
				"entity": "this",
				"predicate": {
					"nbt": "{Tags:[\"altered_beast\",\"gold\",\"waredragon\"]}"
				}
			}
		]
	},
	{
		"function": "minecraft:set_nbt",
		"tag": "{Trim:{pattern:\"ssbrc:fighters/altered_beast/gold/waretiger\",material:\"minecraft:quartz\"}}",
		"conditions": [
			{
				"condition": "minecraft:entity_properties",
				"entity": "this",
				"predicate": {
					"nbt": "{Tags:[\"altered_beast\",\"gold\",\"waretiger\"]}"
				}
			}
		]
	},
	{
		"function": "minecraft:set_nbt",
		"tag": "{Trim:{pattern:\"ssbrc:fighters/altered_beast/gold/warewolf\",material:\"minecraft:quartz\"}}",
		"conditions": [
			{
				"condition": "minecraft:entity_properties",
				"entity": "this",
				"predicate": {
					"nbt": "{Tags:[\"altered_beast\",\"gold\",\"warewolf\"]}"
				}
			}
		]
	},
	{
		"function": "minecraft:set_nbt",
		"tag": "{Trim:{pattern:\"ssbrc:fighters/alucard/default\",material:\"minecraft:quartz\"}}",
		"conditions": [
			{
				"condition": "minecraft:entity_properties",
				"entity": "this",
				"predicate": {
					"nbt": "{Tags:[\"alucard\",\"default\"]}"
				}
			}
		]
	},
	{
		"function": "minecraft:set_nbt",
		"tag": "{Trim:{pattern:\"ssbrc:fighters/alucard/gold\",material:\"minecraft:quartz\"}}",
		"conditions": [
			{
				"condition": "minecraft:entity_properties",
				"entity": "this",
				"predicate": {
					"nbt": "{Tags:[\"alucard\",\"gold\"]}"
				}
			}
		]
	},
	{
		"function": "minecraft:set_nbt",
		"tag": "{Trim:{pattern:\"ssbrc:fighters/alucard/lords_of_shadow\",material:\"minecraft:quartz\"}}",
		"conditions": [
			{
				"condition": "minecraft:entity_properties",
				"entity": "this",
				"predicate": {
					"nbt": "{Tags:[\"alucard\",\"lords_of_shadow\"]}"
				}
			}
		]
	},
	{
		"function": "minecraft:set_nbt",
		"tag": "{Trim:{pattern:\"ssbrc:fighters/giegue/default\",material:\"minecraft:quartz\"}}",
		"conditions": [
			{
				"condition": "minecraft:entity_properties",
				"entity": "this",
				"predicate": {
					"nbt": "{Tags:[\"giegue\",\"default\"]}"
				}
			}
		]
	},
	{
		"function": "minecraft:set_nbt",
		"tag": "{Trim:{pattern:\"ssbrc:fighters/giegue/gold\",material:\"minecraft:quartz\"}}",
		"conditions": [
			{
				"condition": "minecraft:entity_properties",
				"entity": "this",
				"predicate": {
					"nbt": "{Tags:[\"giegue\",\"gold\"]}"
				}
			}
		]
	},
	{
		"function": "minecraft:set_nbt",
		"tag": "{Trim:{pattern:\"ssbrc:fighters/shadow/default\",material:\"minecraft:quartz\"}}",
		"conditions": [
			{
				"condition": "minecraft:entity_properties",
				"entity": "this",
				"predicate": {
					"nbt": "{Tags:[\"shadow\",\"default\"]}"
				}
			}
		]
	},
	{
		"function": "minecraft:set_nbt",
		"tag": "{Trim:{pattern:\"ssbrc:fighters/shadow/gold\",material:\"minecraft:quartz\"}}",
		"conditions": [
			{
				"condition": "minecraft:entity_properties",
				"entity": "this",
				"predicate": {
					"nbt": "{Tags:[\"shadow\",\"gold\"]}"
				}
			}
		]
	},
	{
		"function": "minecraft:set_nbt",
		"tag": "{Trim:{pattern:\"ssbrc:fighters/shadow/yellow_android\",material:\"minecraft:quartz\"}}",
		"conditions": [
			{
				"condition": "minecraft:entity_properties",
				"entity": "this",
				"predicate": {
					"nbt": "{Tags:[\"shadow\",\"yellow_android\"]}"
				}
			}
		]
	},
	{
		"function": "minecraft:set_nbt",
		"tag": "{Trim:{pattern:\"ssbrc:fighters/shovel_knight/default\",material:\"minecraft:quartz\"}}",
		"conditions": [
			{
				"condition": "minecraft:entity_properties",
				"entity": "this",
				"predicate": {
					"nbt": "{Tags:[\"shovel_knight\",\"default\"]}"
				}
			}
		]
	},
	{
		"function": "minecraft:set_nbt",
		"tag": "{Trim:{pattern:\"ssbrc:fighters/shovel_knight/gold\",material:\"minecraft:quartz\"}}",
		"conditions": [
			{
				"condition": "minecraft:entity_properties",
				"entity": "this",
				"predicate": {
					"nbt": "{Tags:[\"shovel_knight\",\"gold\"]}"
				}
			}
		]
	},
	{
		"function": "minecraft:set_nbt",
		"tag": "{Trim:{pattern:\"ssbrc:fighters/shovel_knight/armor_of_chaos\",material:\"minecraft:quartz\"}}",
		"conditions": [
			{
				"condition": "minecraft:entity_properties",
				"entity": "this",
				"predicate": {
					"nbt": "{Tags:[\"shovel_knight\",\"armor_of_chaos\"]}"
				}
			}
		]
	},
	{
		"function": "minecraft:set_nbt",
		"tag": "{Trim:{pattern:\"ssbrc:fighters/shovel_knight/toad_gear\",material:\"minecraft:quartz\"}}",
		"conditions": [
			{
				"condition": "minecraft:entity_properties",
				"entity": "this",
				"predicate": {
					"nbt": "{Tags:[\"shovel_knight\",\"toad_gear\"]}"
				}
			}
		]
	},
	{
		"function": "minecraft:set_nbt",
		"tag": "{Trim:{pattern:\"ssbrc:fighters/shovel_knight/phase_locket\",material:\"minecraft:quartz\"}}",
		"conditions": [
			{
				"condition": "minecraft:entity_properties",
				"entity": "this",
				"predicate": {
					"nbt": "{Tags:[\"shovel_knight\",\"phase_locket\"]}"
				}
			}
		]
	},
	{
		"function": "minecraft:set_nbt",
		"tag": "{Trim:{pattern:\"ssbrc:fighters/team_rocket/default/james\",material:\"minecraft:quartz\"}}",
		"conditions": [
			{
				"condition": "minecraft:entity_properties",
				"entity": "this",
				"predicate": {
					"nbt": "{Tags:[\"james\",\"default\"]}"
				}
			}
		]
	},
	{
		"function": "minecraft:set_nbt",
		"tag": "{Trim:{pattern:\"ssbrc:fighters/team_rocket/default/jesse\",material:\"minecraft:quartz\"}}",
		"conditions": [
			{
				"condition": "minecraft:entity_properties",
				"entity": "this",
				"predicate": {
					"nbt": "{Tags:[\"jesse\",\"default\"]}"
				}
			}
		]
	},
	{
		"function": "minecraft:set_nbt",
		"tag": "{Trim:{pattern:\"ssbrc:fighters/team_rocket/default/arbok\",material:\"minecraft:quartz\"}}",
		"conditions": [
			{
				"condition": "minecraft:entity_properties",
				"entity": "this",
				"predicate": {
					"nbt": "{Tags:[\"arbok\",\"default\"]}"
				}
			}
		]
	},
	{
		"function": "minecraft:set_nbt",
		"tag": "{Trim:{pattern:\"ssbrc:fighters/team_rocket/default/meowth\",material:\"minecraft:quartz\"}}",
		"conditions": [
			{
				"condition": "minecraft:entity_properties",
				"entity": "this",
				"predicate": {
					"nbt": "{Tags:[\"meowth\",\"default\"]}"
				}
			}
		]
	},
	{
		"function": "minecraft:set_nbt",
		"tag": "{Trim:{pattern:\"ssbrc:fighters/team_rocket/default/wobbuffet\",material:\"minecraft:quartz\"}}",
		"conditions": [
			{
				"condition": "minecraft:entity_properties",
				"entity": "this",
				"predicate": {
					"nbt": "{Tags:[\"wobbuffet\",\"default\"]}"
				}
			}
		]
	},
	{
		"function": "minecraft:set_nbt",
		"tag": "{Trim:{pattern:\"ssbrc:fighters/team_rocket/gold/james\",material:\"minecraft:quartz\"}}",
		"conditions": [
			{
				"condition": "minecraft:entity_properties",
				"entity": "this",
				"predicate": {
					"nbt": "{Tags:[\"james\",\"gold\"]}"
				}
			}
		]
	},
	{
		"function": "minecraft:set_nbt",
		"tag": "{Trim:{pattern:\"ssbrc:fighters/team_rocket/gold/jesse\",material:\"minecraft:quartz\"}}",
		"conditions": [
			{
				"condition": "minecraft:entity_properties",
				"entity": "this",
				"predicate": {
					"nbt": "{Tags:[\"jesse\",\"gold\"]}"
				}
			}
		]
	},
	{
		"function": "minecraft:set_nbt",
		"tag": "{Trim:{pattern:\"ssbrc:fighters/team_rocket/gold/arbok\",material:\"minecraft:quartz\"}}",
		"conditions": [
			{
				"condition": "minecraft:entity_properties",
				"entity": "this",
				"predicate": {
					"nbt": "{Tags:[\"arbok\",\"gold\"]}"
				}
			}
		]
	},
	{
		"function": "minecraft:set_nbt",
		"tag": "{Trim:{pattern:\"ssbrc:fighters/team_rocket/gold/meowth\",material:\"minecraft:quartz\"}}",
		"conditions": [
			{
				"condition": "minecraft:entity_properties",
				"entity": "this",
				"predicate": {
					"nbt": "{Tags:[\"meowth\",\"gold\"]}"
				}
			}
		]
	},
	{
		"function": "minecraft:set_nbt",
		"tag": "{Trim:{pattern:\"ssbrc:fighters/team_rocket/gold/wobbuffet\",material:\"minecraft:quartz\"}}",
		"conditions": [
			{
				"condition": "minecraft:entity_properties",
				"entity": "this",
				"predicate": {
					"nbt": "{Tags:[\"wobbuffet\",\"gold\"]}"
				}
			}
		]
	},
	{
		"function": "minecraft:set_nbt",
		"tag": "{Trim:{pattern:\"ssbrc:fighters/toon_link/default\",material:\"minecraft:quartz\"}}",
		"conditions": [
			{
				"condition": "minecraft:entity_properties",
				"entity": "this",
				"predicate": {
					"nbt": "{Tags:[\"toon_link\",\"default\"]}"
				}
			}
		]
	},
	{
		"function": "minecraft:set_nbt",
		"tag": "{Trim:{pattern:\"ssbrc:fighters/toon_link/gold\",material:\"minecraft:quartz\"}}",
		"conditions": [
			{
				"condition": "minecraft:entity_properties",
				"entity": "this",
				"predicate": {
					"nbt": "{Tags:[\"toon_link\",\"gold\"]}"
				}
			}
		]
	},
	{
		"function": "minecraft:set_nbt",
		"tag": "{Trim:{pattern:\"ssbrc:fighters/toon_link/second_sword\",material:\"minecraft:quartz\"}}",
		"conditions": [
			{
				"condition": "minecraft:entity_properties",
				"entity": "this",
				"predicate": {
					"nbt": "{Tags:[\"toon_link\",\"second_sword\"]}"
				}
			}
		]
	},
	{
		"function": "minecraft:set_nbt",
		"tag": "{Trim:{pattern:\"ssbrc:fighters/toon_link/third_sword\",material:\"minecraft:quartz\"}}",
		"conditions": [
			{
				"condition": "minecraft:entity_properties",
				"entity": "this",
				"predicate": {
					"nbt": "{Tags:[\"toon_link\",\"third_sword\"]}"
				}
			}
		]
	},
	{
		"function": "minecraft:set_nbt",
		"tag": "{Trim:{pattern:\"ssbrc:fighters/toon_link/fourth_sword\",material:\"minecraft:quartz\"}}",
		"conditions": [
			{
				"condition": "minecraft:entity_properties",
				"entity": "this",
				"predicate": {
					"nbt": "{Tags:[\"toon_link\",\"fourth_sword\"]}"
				}
			}
		]
	},
	{
		"function": "minecraft:set_nbt",
		"tag": "{Trim:{pattern:\"ssbrc:fighters/yar/default\",material:\"minecraft:quartz\"}}",
		"conditions": [
			{
				"condition": "minecraft:entity_properties",
				"entity": "this",
				"predicate": {
					"nbt": "{Tags:[\"yar\",\"default\"]}"
				}
			}
		]
	},
	{
		"function": "minecraft:set_nbt",
		"tag": "{Trim:{pattern:\"ssbrc:fighters/yar/gold\",material:\"minecraft:quartz\"}}",
		"conditions": [
			{
				"condition": "minecraft:entity_properties",
				"entity": "this",
				"predicate": {
					"nbt": "{Tags:[\"yar\",\"gold\"]}"
				}
			}
		]
	},
	{
		"function": "minecraft:set_nbt",
		"tag": "{Trim:{pattern:\"ssbrc:fighters/yar/player_two\",material:\"minecraft:quartz\"}}",
		"conditions": [
			{
				"condition": "minecraft:entity_properties",
				"entity": "this",
				"predicate": {
					"nbt": "{Tags:[\"yar\",\"player_two\"]}"
				}
			}
		]
	},
	{
		"function": "minecraft:set_nbt",
		"tag": "{Trim:{pattern:\"ssbrc:fighters/yar/recruit\",material:\"minecraft:quartz\"}}",
		"conditions": [
			{
				"condition": "minecraft:entity_properties",
				"entity": "this",
				"predicate": {
					"nbt": "{Tags:[\"yar\",\"recruit\"]}"
				}
			}
		]
	}
]
