[
	{
		"function": "minecraft:set_name",
		"entity": "this",
		"name": {
			"translate": "ssbrc.tooltips.byleth.black_eagles.aymr",
			"color": "white",
			"bold": true,
			"italic": false
		}
	},
	{
		"function": "minecraft:set_lore",
		"entity": "this",
		"lore": [
			{
				"text": "- [",
				"color": "gray",
				"bold": false,
				"italic": false,
				"extra": [
					{
						"keybind": "key.sneak",
						"color": "gray",
						"bold": false,
						"italic": false
					},
					{
						"translate": "] + [",
						"color": "gray",
						"bold": false,
						"italic": false
					},
					{
						"keybind": "key.use",
						"color": "gray",
						"bold": false,
						"italic": false
					},
					{
						"translate": "ssbrc.tooltips.byleth.black_eagles.aymr.description.1",
						"color": "gray",
						"bold": false,
						"italic": false
					}
				]
			},
			{
				"text": "- [",
				"color": "gray",
				"bold": false,
				"italic": false,
				"extra": [
					{
						"keybind": "key.use",
						"color": "gray",
						"bold": false,
						"italic": false
					},
					{
						"translate": "ssbrc.tooltips.byleth.black_eagles.aymr.description.2",
						"color": "gray",
						"bold": false,
						"italic": false
					}
				]
			}
		],
		"replace": false
	},
	{
		"function": "minecraft:set_nbt",
		"tag": "{awakened:0,CustomModelData:101}"
	}
]
