[
	{
		"function": "minecraft:set_name",
		"entity": "this",
		"name": {
			"translate": "ssbrc.tooltips.link.master_sword",
			"color": "gold",
			"bold": true,
			"italic": false
		}
	},
	{
		"function": "minecraft:set_nbt",
		"tag": "{CustomModelData:730}",
		"conditions": [
			{
				"condition": "minecraft:inverted",
				"term": {
					"condition": "minecraft:entity_properties",
					"entity": "this",
					"predicate": {
						"nbt": "{Tags:[\"spinning\"]}"
					}
				}
			}
		]
	},
	{
		"function": "minecraft:set_nbt",
		"tag": "{CustomModelData:732}",
		"conditions": [
			{
				"condition": "minecraft:entity_properties",
				"entity": "this",
				"predicate": {
					"nbt": "{Tags:[\"spinning\"]}"
				}
			}
		]
	},
	{
		"function": "minecraft:reference",
		"name": "ssbrc:fighters/link/master_sword/awakened/off"
	}
]
