[
	{
		"function": "minecraft:reference",
		"name": "ssbrc:fighters/ryu/collarbone_breaker/default",
		"conditions": [
			{
				"condition": "minecraft:inverted",
				"term": {
					"condition": "minecraft:entity_properties",
					"entity": "this",
					"predicate": {
						"nbt": "{Tags:[\"gold\"]}"
					}
				}
			}
		]
	},
	{
		"function": "minecraft:reference",
		"name": "ssbrc:fighters/ryu/collarbone_breaker/gold",
		"conditions": [
			{
				"condition": "minecraft:entity_properties",
				"entity": "this",
				"predicate": {
					"nbt": "{Tags:[\"gold\"]}"
				}
			}
		]
	}
]
