{
	"type": "minecraft:fishing",
	"pools": [
		{
			"rolls": 1,
			"entries": [
				{
					"type": "minecraft:loot_table",
					"weight": 70,
					"name": "ssbrc:fishing/common"
				},
				{
					"type": "minecraft:loot_table",
					"weight": 20,
					"name": "ssbrc:fishing/uncommon"
				},
				{
					"type": "minecraft:loot_table",
					"weight": 8,
					"name": "ssbrc:fishing/rare"
				},
				{
					"type": "minecraft:loot_table",
					"weight": 2,
					"name": "ssbrc:fishing/legendary"
				}
			]
		}
	]
}
