[
	{
		"function": "minecraft:set_name",
		"entity": "this",
		"name": {
			"translate": "ssbrc.statistics.player_profile",
			"color": "gold",
			"bold": true,
			"italic": false
		}
	},
	{
		"function": "minecraft:reference",
		"name": "ssbrc:fighters/init/preset/ui"
	},
	{
		"function": "minecraft:set_lore",
		"entity": "this",
		"lore": [
			{
				"translate": "ssbrc.statistics.highest_win_streak",
				"color": "gold",
				"bold": false,
				"italic": false,
				"extra": [
					{
						"score": {
							"name": "@s",
							"objective": "stats.winStreak.record"
						},
						"color": "yellow",
						"bold": false,
						"italic": false
					}
				]
			},
			{
				"translate": "ssbrc.statistics.current_win_streak",
				"color": "gold",
				"bold": false,
				"italic": false,
				"extra": [
					{
						"score": {
							"name": "@s",
							"objective": "stats.winStreak"
						},
						"color": "yellow",
						"bold": false,
						"italic": false
					}
				]
			},
			{
				"translate": "ssbrc.statistics.wins",
				"color": "gold",
				"bold": false,
				"italic": false,
				"extra": [
					{
						"score": {
							"name": "@s",
							"objective": "stats.wins"
						},
						"color": "yellow",
						"bold": false,
						"italic": false
					}
				]
			},
			{
				"translate": "ssbrc.statistics.games_played",
				"color": "gold",
				"bold": false,
				"italic": false,
				"extra": [
					{
						"score": {
							"name": "@s",
							"objective": "stats.games_played"
						},
						"color": "yellow",
						"bold": false,
						"italic": false
					}
				]
			}
		],
		"replace": false
	},
	{
		"function": "minecraft:set_lore",
		"entity": "this",
		"lore": [
			{
				"translate": "ssbrc.statistics.win_loss_ratio",
				"color": "gold",
				"bold": false,
				"italic": false,
				"extra": [
					{
						"score": {
							"name": "@s",
							"objective": "stats.wL"
						},
						"color": "yellow",
						"bold": false,
						"italic": false,
						"extra": [
							{
								"translate": "%",
								"color": "yellow",
								"bold": false,
								"italic": false
							}
						]
					}
				]
			}
		],
		"replace": false
	},
	{
		"function": "minecraft:set_lore",
		"entity": "this",
		"lore": [
			{
				"translate": "ssbrc.statistics.kills",
				"color": "gold",
				"bold": false,
				"italic": false,
				"extra": [
					{
						"score": {
							"name": "@s",
							"objective": "stats.kills"
						},
						"color": "yellow",
						"bold": false,
						"italic": false
					}
				]
			},
			{
				"translate": "ssbrc.statistics.deaths",
				"color": "gold",
				"bold": false,
				"italic": false,
				"extra": [
					{
						"score": {
							"name": "@s",
							"objective": "stats.deaths"
						},
						"color": "yellow",
						"bold": false,
						"italic": false
					}
				]
			}
		],
		"replace": false
	},
	{
		"function": "minecraft:set_lore",
		"entity": "this",
		"lore": [
			{
				"translate": "ssbrc.statistics.kill_death_ratio",
				"color": "gold",
				"bold": false,
				"italic": false,
				"extra": [
					{
						"score": {
							"name": "@s",
							"objective": "stats.kD"
						},
						"color": "yellow",
						"bold": false,
						"italic": false,
						"extra": [
							{
								"translate": "%",
								"color": "yellow",
								"bold": false,
								"italic": false
							}
						]
					}
				]
			}
		],
		"replace": false
	},
	{
		"function": "minecraft:set_lore",
		"entity": "this",
		"lore": [
			{
				"translate": "ssbrc.shop.credits",
				"color": "gold",
				"bold": false,
				"italic": false,
				"extra": [
					{
						"score": {
							"name": "@s",
							"objective": "stats.credits"
						},
						"color": "yellow",
						"bold": false,
						"italic": false
					},
					{
						"translate": "₡",
						"color": "yellow",
						"bold": false,
						"italic": false
					}
				]
			}
		],
		"replace": false
	},
	{
		"function": "minecraft:set_nbt",
		"tag": "{CustomModelData:2}"
	}
]
