[
	{
		"function": "minecraft:set_name",
		"entity": "this",
		"name": {
			"translate": "ssbrc.tooltips.joker.rebel_knife",
			"color": "gray",
			"bold": true,
			"italic": false,
			"extra": [
				{
					"translate": "ssbrc.tooltips.joker.rebel_knife.fire_boost",
					"color": "red",
					"bold": true,
					"italic": false
				}
			]
		},
		"conditions": [
			{
				"condition": "minecraft:inverted",
				"term": {
					"condition": "minecraft:entity_properties",
					"entity": "this",
					"predicate": {
						"nbt": "{Tags:[\"gold\"]}"
					}
				}
			}
		]
	},
	{
		"function": "minecraft:set_name",
		"entity": "this",
		"name": {
			"translate": "ssbrc.tooltips.joker.rebel_knife",
			"color": "gold",
			"bold": true,
			"italic": false,
			"extra": [
				{
					"translate": "ssbrc.tooltips.joker.rebel_knife.fire_boost",
					"color": "red",
					"bold": true,
					"italic": false
				}
			]
		},
		"conditions": [
			{
				"condition": "minecraft:entity_properties",
				"entity": "this",
				"predicate": {
					"nbt": "{Tags:[\"gold\"]}"
				}
			}
		]
	},
	{
		"function": "minecraft:set_nbt",
		"tag": "{fire_boost:1,freeze_boost:0}"
	}
]
