[
	{
		"function": "minecraft:set_name",
		"entity": "this",
		"name": {
			"translate": "ssbrc.tooltips.pit.palutena_bow",
			"color": "white",
			"bold": true,
			"italic": false
		}
	},
	{
		"function": "minecraft:set_attributes",
		"modifiers": [
			{
				"attribute": "minecraft:generic.attack_damage",
				"name": "Attack Damage",
				"amount": 6,
				"operation": "multiply_base",
				"slot": "mainhand"
			},
			{
				"attribute": "minecraft:generic.attack_speed",
				"name": "Attack Speed",
				"amount": 1.5,
				"operation": "multiply_base",
				"slot": "mainhand"
			}
		]
	},
	{
		"function": "minecraft:reference",
		"name": "ssbrc:fighters/init/tooltip/ability/hybrid"
	},
	{
		"function": "minecraft:set_nbt",
		"tag": "{palutena_bow:1}"
	}
]
