{
	"parent": "ssbrc:utility/root",
	"criteria": {
		"requirement": {
			"trigger": "minecraft:player_killed_entity",
			"conditions": {
				"entity": [
					{
						"condition": "minecraft:value_check",
						"value": {
							"type": "minecraft:score",
							"target": {
								"type": "minecraft:fixed",
								"name": "gameStage"
							},
							"score": "temp"
						},
						"range": 4
					},
					{
						"condition": "minecraft:entity_properties",
						"entity": "this",
						"predicate": {
							"type": "minecraft:player"
						}
					}
				]
			}
		}
	},
	"rewards": {
		"function": "ssbrc:logic/fighters/flags/get_kill/on/player"
	}
}
