{
	"parent": "ssbrc:utility/root",
	"criteria": {
		"requirement": {
			"trigger": "minecraft:player_killed_entity",
			"conditions": {
				"entity": [
					{
						"condition": "minecraft:value_check",
						"value": {
							"type": "minecraft:score",
							"target": {
								"type": "minecraft:fixed",
								"name": "gameStage"
							},
							"score": "temp"
						},
						"range": 4
					},
					{
						"condition": "minecraft:entity_properties",
						"entity": "this",
						"predicate": {
							"nbt": "{Tags:[\"wobbuffet\"]}"
						}
					},
					{
						"condition": "minecraft:entity_scores",
						"entity": "this",
						"scores": {
							"duration.3": {
								"min": 40
							}
						}
					}
				]
			}
		}
	},
	"rewards": {
		"function": "ssbrc:fighters/team_rocket/logic/wobbuffet/destiny_bond/kill"
	}
}
