{
	"parent": "ssbrc:utility/root",
	"criteria": {
		"requirement": {
			"trigger": "minecraft:player_hurt_entity",
			"conditions": {
				"player": [
					{
						"condition": "minecraft:value_check",
						"value": {
							"type": "minecraft:score",
							"target": {
								"type": "minecraft:fixed",
								"name": "gameStage"
							},
							"score": "temp"
						},
						"range": 4
					},
					{
						"condition": "minecraft:entity_properties",
						"entity": "this",
						"predicate": {
							"nbt": "{Tags:[\"sora\",\"anti\"]}"
						}
					}
				],
				"damage": {
					"type": {
						"is_explosion": false,
						"is_fire": false,
						"is_magic": false,
						"is_projectile": false,
						"is_lightning": false,
						"bypasses_armor": false,
						"bypasses_invulnerability": false,
						"bypasses_magic": false
					}
				}
			}
		}
	},
	"rewards": {
		"function": "ssbrc:fighters/sora/logic/drive_forms/anti/slash/activate"
	}
}
