{
	"parent": "ssbrc:utility/root",
	"criteria": {
		"requirement": {
			"trigger": "minecraft:player_hurt_entity",
			"conditions": {
				"player": [
					{
						"condition": "minecraft:value_check",
						"value": {
							"type": "minecraft:score",
							"target": {
								"type": "minecraft:fixed",
								"name": "gameStage"
							},
							"score": "temp"
						},
						"range": 4
					}
				],
				"damage": {
					"blocked": false,
					"source_entity": {
						"nbt": "{Tags:[\"byleth\",\"blue_lions\"]}",
						"equipment": {
							"mainhand": {
								"nbt": "{areadbhar:1}"
							}
						}
					}
				}
			}
		}
	},
	"rewards": {
		"function": "ssbrc:fighters/byleth/logic/blue_lions/areadbhar/hit"
	}
}
