{
	"parent": "ssbrc:utility/root",
	"criteria": {
		"requirement": {
			"trigger": "minecraft:player_hurt_entity",
			"conditions": {
				"damage": {
					"blocked": false,
					"type": {
						"is_explosion": false,
						"is_fire": false,
						"is_magic": false,
						"is_projectile": false,
						"is_lightning": false,
						"bypasses_armor": false,
						"bypasses_invulnerability": false,
						"bypasses_magic": false
					}
				},
				"entity": [
					{
						"condition": "minecraft:entity_properties",
						"entity": "this",
						"predicate": {
							"nbt": "{Tags:[\"roy\"]}"
						}
					},
					{
						"condition": "minecraft:entity_scores",
						"entity": "this",
						"scores": {
							"duration.1": {
								"min": 1,
								"max": 10
							}
						}
					}
				]
			}
		}
	},
	"rewards": {
		"function": "ssbrc:fighters/roy/logic/abilities/counter/hit"
	}
}
