{
	"parent": "ssbrc:utility/root",
	"criteria": {
		"requirement": {
			"trigger": "minecraft:player_hurt_entity",
			"conditions": {
				"player": [
					{
						"condition": "minecraft:value_check",
						"value": {
							"type": "minecraft:score",
							"target": {
								"type": "minecraft:fixed",
								"name": "gameStage"
							},
							"score": "temp"
						},
						"range": 4
					}
				],
				"damage": {
					"source_entity": {
						"nbt": "{Tags:[\"pit\"]}",
						"equipment": {
							"mainhand": {
								"nbt": "{palutena_bow:1,split:0}"
							}
						}
					},
					"type": {
						"tags": [
							{
								"id": "minecraft:is_projectile",
								"expected": false
							}
						]
					}
				}
			}
		}
	},
	"rewards": {
		"function": "ssbrc:fighters/pit/logic/abilities/palutena_bow/split"
	}
}
