{
	"parent": "ssbrc:utility/root",
	"criteria": {
		"requirement": {
			"trigger": "minecraft:player_hurt_entity",
			"conditions": {
				"player": [
					{
						"condition": "minecraft:value_check",
						"value": {
							"type": "minecraft:score",
							"target": {
								"type": "minecraft:fixed",
								"name": "gameStage"
							},
							"score": "temp"
						},
						"range": 4
					}
				],
				"damage": {
					"blocked": false,
					"source_entity": {
						"nbt": "{Tags:[\"joker\"]}"
					},
					"type": {
						"direct_entity": {
							"nbt": "{Tags:[\"tt33.bullet\"]}"
						}
					}
				}
			}
		}
	},
	"rewards": {
		"function": "ssbrc:logic/fighters/projectiles/damage_dealt/tt33"
	}
}
