{
	"criteria": {
		"requirement": {
			"trigger": "minecraft:player_killed_entity",
			"conditions": {
				"player": [
					{
						"condition": "minecraft:value_check",
						"value": {
							"type": "minecraft:score",
							"target": {
								"type": "minecraft:fixed",
								"name": "gameStage"
							},
							"score": "temp"
						},
						"range": 4
					}
				],
				"killing_blow": {
					"direct_entity": {
						"nbt": "{Tags:[\"reflected\"]}"
					}
				}
			}
		}
	},
	"rewards": {
		"function": "ssbrc:logic/fighters/flags/get_kill/with/reflect"
	}
}
