[
	{
		"function": "minecraft:set_lore",
		"entity": "this",
		"lore": [
			{
				"text": "- [",
				"color": "gray",
				"bold": false,
				"italic": false,
				"extra": [
					{
						"keybind": "key.use",
						"color": "gray",
						"bold": false,
						"italic": false
					},
					{
						"translate": "ssbrc.tooltips.cloud.blade_beam.description.1",
						"color": "gray",
						"bold": false,
						"italic": false
					}
				]
			},
			{
				"translate": "ssbrc.tooltips.cloud.limit_break",
				"color": "gray",
				"bold": false,
				"italic": false,
				"extra": [
					{
						"translate": "ssbrc.tooltips.cloud.blade_beam.description.2",
						"color": "gray",
						"bold": false,
						"italic": false
					}
				]
			}
		],
		"replace": false
	},
	{
		"function": "minecraft:reference",
		"name": "ssbrc:fighters/cloud/buster_sword/tooltip/change_modes"
	},
	{
		"function": "minecraft:set_lore",
		"entity": "this",
		"lore": [
			{
				"translate": "ssbrc.fighters.cloud.operator",
				"color": "green",
				"bold": true,
				"italic": false,
				"extra": [
					{
						"translate": " -> ",
						"color": "white",
						"bold": false,
						"italic": false
					},
					{
						"translate": "ssbrc.fighters.cloud.punisher",
						"color": "blue",
						"bold": false,
						"italic": false
					}
				]
			}
		],
		"replace": false
	}
]
