{
	"parent": "ssbrc:utility/root",
	"criteria": {
		"requirement": {
			"trigger": "minecraft:entity_hurt_player",
			"conditions": {
				"player": [
					{
						"condition": "minecraft:value_check",
						"value": {
							"type": "minecraft:score",
							"target": {
								"type": "minecraft:fixed",
								"name": "gameStage"
							},
							"score": "temp"
						},
						"range": 4
					}
				]
			}
		}
	},
	"rewards": {
		"function": "ssbrc:logic/fighters/flags/get_hurt/any"
	}
}
