[
	{
		"function": "minecraft:set_attributes",
		"modifiers": [
			{
				"attribute": "minecraft:generic.attack_damage",
				"name": "Attack Damage",
				"amount": 7,
				"operation": "multiply_base",
				"slot": "mainhand"
			}
		],
		"conditions": [
			{
				"condition": "minecraft:inverted",
				"term": {
					"condition": "minecraft:entity_properties",
					"entity": "this",
					"predicate": {
						"nbt": "{Tags:[\"critical\"]}"
					}
				}
			}
		]
	},
	{
		"function": "minecraft:set_attributes",
		"modifiers": [
			{
				"attribute": "minecraft:generic.attack_damage",
				"name": "Attack Damage",
				"amount": 10,
				"operation": "multiply_base",
				"slot": "mainhand"
			}
		],
		"conditions": [
			{
				"condition": "minecraft:entity_properties",
				"entity": "this",
				"predicate": {
					"nbt": "{Tags:[\"critical\"]}"
				}
			}
		]
	},
	{
		"function": "minecraft:reference",
		"name": "ssbrc:fighters/joker/rebel_knife/fire_boost",
		"conditions": [
			{
				"condition": "minecraft:entity_properties",
				"entity": "this",
				"predicate": {
					"nbt": "{Tags:[\"jack_o_lantern\"]}"
				}
			}
		]
	},
	{
		"function": "minecraft:reference",
		"name": "ssbrc:fighters/joker/rebel_knife/freeze_boost",
		"conditions": [
			{
				"condition": "minecraft:entity_properties",
				"entity": "this",
				"predicate": {
					"nbt": "{Tags:[\"jack_frost\"]}"
				}
			}
		]
	},
	{
		"function": "minecraft:set_nbt",
		"tag": "{awakened:1}"
	}
]
