{
	"parent": "ssbrc:utility/root",
	"criteria": {
		"requirement": {
			"trigger": "minecraft:player_hurt_entity",
			"conditions": {
				"player": [
					{
						"condition": "minecraft:value_check",
						"value": {
							"type": "minecraft:score",
							"target": {
								"type": "minecraft:fixed",
								"name": "gameStage"
							},
							"score": "temp"
						},
						"range": 4
					}
				],
				"damage": {
					"source_entity": {
						"equipment": {
							"mainhand": {
								"nbt": "{deaths_scythe:1}"
							}
						}
					},
					"type": {
						"is_explosion": false,
						"is_fire": false,
						"is_magic": false,
						"is_projectile": false,
						"is_lightning": false,
						"bypasses_armor": false,
						"bypasses_invulnerability": false,
						"bypasses_magic": false
					}
				}
			}
		}
	},
	"rewards": {
		"function": "ssbrc:items/deaths_scythe/hit"
	}
}
