[
	{
		"function": "minecraft:set_name",
		"entity": "this",
		"name": {
			"translate": "ssbrc.tooltips.ryu.collarbone_breaker",
			"color": "gold",
			"bold": true,
			"italic": false
		}
	},
	{
		"function": "minecraft:set_nbt",
		"tag": "{CustomModelData:1403}",
		"conditions": [
			{
				"condition": "minecraft:inverted",
				"term": {
					"condition": "minecraft:entity_properties",
					"entity": "this",
					"predicate": {
						"nbt": "{Tags:[\"satsui_no_hado_rage\"]}"
					}
				}
			}
		]
	},
	{
		"function": "minecraft:set_nbt",
		"tag": "{CustomModelData:1405}",
		"conditions": [
			{
				"condition": "minecraft:entity_properties",
				"entity": "this",
				"predicate": {
					"nbt": "{Tags:[\"satsui_no_hado_rage\"]}"
				}
			}
		]
	}
]
