[
	{
		"function": "minecraft:set_name",
		"entity": "this",
		"name": {
			"translate": "ssbrc.tooltips.rob.robo_beam",
			"color": "gold",
			"bold": true,
			"italic": false
		}
	},
	{
		"function": "set_nbt",
		"tag": "{CustomModelData:5}",
		"conditions": [
			{
				"condition": "minecraft:inverted",
				"term": {
					"condition": "minecraft:entity_scores",
					"entity": "this",
					"scores": {
						"charge.1": {
							"min": 1
						}
					}
				}
			}
		]
	},
	{
		"function": "set_nbt",
		"tag": "{CustomModelData:6}",
		"conditions": [
			{
				"condition": "minecraft:entity_scores",
				"entity": "this",
				"scores": {
					"charge.1": {
						"min": 100,
						"max": 199
					}
				}
			}
		]
	},
	{
		"function": "set_nbt",
		"tag": "{CustomModelData:7}",
		"conditions": [
			{
				"condition": "minecraft:entity_scores",
				"entity": "this",
				"scores": {
					"charge.1": {
						"min": 200
					}
				}
			}
		]
	}
]
